Dataset,Experiment ID,Log Filename,Status,Learning Rate,Batch Size,LFs,Label Model,N-Gram Range,Class Descriptions,Device Type,CPU Cores,CPU Logical Cores,GPU Name,GPU Memory (GB),System RAM (GB),Start Date/Time,Runtime (seconds),Runtime Formatted,Wandb Run URL,LM Accuracy/F1,LM Precision,LM Recall,EM Accuracy/F1,EM Accuracy/F1 STD,EM Precision,EM Precision STD,EM Recall,EM Recall STD,EM Epochs,ST Accuracy/F1,ST Accuracy/F1 STD,ST Precision,ST Precision STD,ST Recall,ST Recall STD,ST Epochs
agnews,agnews_lr_1e-3_b_128_lf_300_dp_20250413_02-55-19,agnews_lr_1e-3_b_128_lf_300_dp_20250413_02-55-19.log,Finished,1e-3,128.0,300.0,Data Programming,"(1, 3)",,CUDA,128.0,255.0,NVIDIA GeForce RTX 4090,24.0,2003.8,2025-04-13T02:55:19Z,1030.0,0h 17m 10s,https://wandb.ai/fb8-university-of-illinois-urbana-champaign/dl4h-reproduce-keyclass/runs/yweimuqb,0.7307166666666667,0.7471587419118968,0.7307166666666667,0.8291671052631577,0.004718350419232376,0.8298372731318484,0.004682157213987254,0.8291671052631577,0.004718350419232376,14.0,0.8638894736842104,0.003737968696003107,0.8732176652626485,0.0032994925697943183,0.8638894736842104,0.003737968696003107,74.0
agnews,agnews_lr_1e-3_b_128_lf_300_mv_20250413_03-17-53,agnews_lr_1e-3_b_128_lf_300_mv_20250413_03-17-53.log,Finished,1e-3,128.0,300.0,Majority Vote,"(1, 3)",,CUDA,128.0,255.0,NVIDIA GeForce RTX 4090,24.0,2003.8,2025-04-13T03:17:54Z,1544.0,0h 25m 44s,https://wandb.ai/fb8-university-of-illinois-urbana-champaign/dl4h-reproduce-keyclass/runs/6spfqcqs,0.693975,0.7224700641002721,0.693975,0.8317578947368421,0.004104272822518271,0.8336449827234249,0.0040602948242875235,0.8317578947368421,0.004104272822518271,9.0,0.8451578947368418,0.003809250295220094,0.8444348936895801,0.003928955429557157,0.8451578947368418,0.003809250295220094,17.0
agnews,agnews_lr_1e-3_b_128_lf_15_dp_20250411_16-03-59,agnews_lr_1e-3_b_128_lf_15_dp_20250411_16-03-59.log,Finished,1e-3,128.0,15.0,Data Programming,"(1, 3)",,CUDA,24.0,32.0,NVIDIA GeForce RTX 4090,24.0,125.6,2025-04-11T16:04:01Z,1039.0,0h 17m 19s,https://wandb.ai/fb8-university-of-illinois-urbana-champaign/dl4h-reproduce-keyclass/runs/9y3i4dl7,0.41018333333333334,0.6108362112302684,0.41018333333333334,0.7278381578947368,0.005427699521105854,0.7217688448942661,0.005669303036466992,0.7278381578947368,0.005427699521105854,9.0,0.7213605263157892,0.004793709087377378,0.7627302153048083,0.0060324999655433555,0.7213605263157892,0.004793709087377378,151.0
agnews,agnews_lr_1e-3_b_128_lf_15_mv_20250411_16-21-32,agnews_lr_1e-3_b_128_lf_15_mv_20250411_16-21-32.log,Finished,1e-3,128.0,15.0,Majority Vote,"(1, 3)",,CUDA,24.0,32.0,NVIDIA GeForce RTX 4090,24.0,125.6,2025-04-11T16:21:36Z,765.0,0h 12m 45s,https://wandb.ai/fb8-university-of-illinois-urbana-champaign/dl4h-reproduce-keyclass/runs/uevr20ki,0.4090666666666667,0.6070310958594397,0.4090666666666667,0.7483592105263156,0.005303381003591208,0.7473678734110096,0.005545440290447022,0.7483592105263156,0.005303381003591208,9.0,0.7925065789473683,0.00442337716928112,0.7990698023895024,0.004395547640265302,0.7925065789473683,0.00442337716928112,103.0
agnews,agnews_lr_1e-3_b_64_lf_300_dp_20250413_03-48-22,agnews_lr_1e-3_b_64_lf_300_dp_20250413_03-48-22.log,Finished,1e-3,64.0,300.0,Data Programming,"(1, 3)",,CUDA,128.0,255.0,NVIDIA GeForce RTX 4090,24.0,2003.8,2025-04-13T03:48:23Z,1045.0,0h 17m 25s,https://wandb.ai/fb8-university-of-illinois-urbana-champaign/dl4h-reproduce-keyclass/runs/m5zih7lu,0.7307166666666667,0.7471587419118968,0.7307166666666667,0.8278631578947371,0.004248354741019186,0.8289991053656115,0.004257389056882531,0.8278631578947371,0.004248354741019186,19.0,0.8673486842105262,0.0043236199421817995,0.8676901565479385,0.004341540261947453,0.8673486842105262,0.0043236199421817995,61.0
agnews,agnews_lr_1e-3_b_64_lf_300_mv_20250413_04-11-01,agnews_lr_1e-3_b_64_lf_300_mv_20250413_04-11-01.log,Finished,1e-3,64.0,300.0,Majority Vote,"(1, 3)",,CUDA,128.0,255.0,NVIDIA GeForce RTX 4090,24.0,2003.8,2025-04-13T04:11:02Z,1376.0,0h 22m 56s,https://wandb.ai/fb8-university-of-illinois-urbana-champaign/dl4h-reproduce-keyclass/runs/r8o5itji,0.693975,0.7224700641002721,0.693975,0.8233921052631582,0.004538141681007491,0.8242839290839384,0.004506719691740738,0.8233921052631582,0.004538141681007491,15.0,0.8298368421052629,0.004363191225826598,0.8310948631132673,0.004413044222674916,0.8298368421052629,0.004363191225826598,9.0
agnews,agnews_lr_1e-3_b_64_lf_15_dp_20250411_16-34-37,agnews_lr_1e-3_b_64_lf_15_dp_20250411_16-34-37.log,Finished,1e-3,64.0,15.0,Data Programming,"(1, 3)",,CUDA,24.0,32.0,NVIDIA GeForce RTX 4090,24.0,125.6,2025-04-11T16:34:38Z,149.0,0h 2m 29s,https://wandb.ai/fb8-university-of-illinois-urbana-champaign/dl4h-reproduce-keyclass/runs/kbxl3b3d,0.41018333333333334,0.6108362112302684,0.41018333333333334,0.732807894736842,0.005146813418577654,0.7287960823636925,0.005340977016085061,0.732807894736842,0.005146813418577654,8.0,0.7372092105263158,0.0046485668941056504,0.727981375572635,0.004945097700086568,0.7372092105263158,0.0046485668941056504,9.0
agnews,agnews_lr_1e-3_b_64_lf_15_mv_20250411_16-37-18,agnews_lr_1e-3_b_64_lf_15_mv_20250411_16-37-18.log,Finished,1e-3,64.0,15.0,Majority Vote,"(1, 3)",,CUDA,24.0,32.0,NVIDIA GeForce RTX 4090,24.0,125.6,2025-04-11T16:37:19Z,617.0,0h 10m 17s,https://wandb.ai/fb8-university-of-illinois-urbana-champaign/dl4h-reproduce-keyclass/runs/iagdk9a3,0.4090666666666667,0.6070310958594397,0.4090666666666667,0.7413276315789473,0.005001768904549198,0.741380116681072,0.005275371633397532,0.7413276315789473,0.005001768904549198,19.0,0.6936657894736841,0.004955795594281426,0.5806116441754454,0.005657898650616041,0.6936657894736841,0.004955795594281426,79.0
agnews,agnews_lr_1e-3_b_32_lf_300_dp_20250413_04-38-43,agnews_lr_1e-3_b_32_lf_300_dp_20250413_04-38-43.log,Finished,1e-3,32.0,300.0,Data Programming,"(1, 3)",,CUDA,128.0,255.0,NVIDIA GeForce RTX 4090,24.0,2003.8,2025-04-13T04:38:43Z,1199.0,0h 19m 59s,https://wandb.ai/fb8-university-of-illinois-urbana-champaign/dl4h-reproduce-keyclass/runs/jgeu113d,0.7307166666666667,0.7471587419118968,0.7307166666666667,0.8352039473684206,0.004398413802164284,0.8345603723106807,0.004429934745117277,0.8352039473684206,0.004398413802164284,19.0,0.8736697368421055,0.0037083277827881273,0.8731440363073356,0.003725882569202634,0.8736697368421055,0.0037083277827881273,51.0
agnews,agnews_lr_1e-3_b_32_lf_300_mv_20250413_05-03-39,agnews_lr_1e-3_b_32_lf_300_mv_20250413_05-03-39.log,Finished,1e-3,32.0,300.0,Majority Vote,"(1, 3)",,CUDA,128.0,255.0,NVIDIA GeForce RTX 4090,24.0,2003.8,2025-04-13T05:03:39Z,4872.0,1h 21m 12s,https://wandb.ai/fb8-university-of-illinois-urbana-champaign/dl4h-reproduce-keyclass/runs/nyou65q0,0.693975,0.7224700641002721,0.693975,0.8293710526315791,0.004311357641061723,0.8298646102638702,0.004271759494098164,0.8293710526315791,0.004311357641061723,18.0,0.7097144736842107,0.005323667137106109,0.7919034713401988,0.0036676429353171397,0.7097144736842107,0.005323667137106109,56.0
agnews,agnews_lr_1e-3_b_32_lf_15_dp_20250411_16-47-49,agnews_lr_1e-3_b_32_lf_15_dp_20250411_16-47-49.log,Finished,1e-3,32.0,15.0,Data Programming,"(1, 3)",,CUDA,24.0,32.0,NVIDIA GeForce RTX 4090,24.0,125.6,2025-04-11T16:47:50Z,780.0,0h 13m 0s,https://wandb.ai/fb8-university-of-illinois-urbana-champaign/dl4h-reproduce-keyclass/runs/n9eh9fz6,0.41018333333333334,0.6108362112302684,0.41018333333333334,0.7334473684210526,0.005337825612688012,0.7347371905663636,0.005453512645705908,0.7334473684210526,0.005337825612688012,19.0,0.6929973684210526,0.0046274121507918885,0.7588699057323158,0.004047843166922686,0.6929973684210526,0.0046274121507918885,108.0
agnews,agnews_lr_1e-3_b_32_lf_15_mv_20250411_17-01-02,agnews_lr_1e-3_b_32_lf_15_mv_20250411_17-01-02.log,Finished,1e-3,32.0,15.0,Majority Vote,"(1, 3)",,CUDA,24.0,32.0,NVIDIA GeForce RTX 4090,24.0,125.6,2025-04-11T17:01:03Z,1113.0,0h 18m 33s,https://wandb.ai/fb8-university-of-illinois-urbana-champaign/dl4h-reproduce-keyclass/runs/5iuw4y0j,0.4090666666666667,0.6070310958594397,0.4090666666666667,0.7326736842105264,0.0054359427594678125,0.7362971550397074,0.005536185266267833,0.7326736842105264,0.0054359427594678125,19.0,0.6330223684210525,0.005436502479584306,0.5075908726186079,0.006161020696347101,0.6330223684210525,0.005436502479584306,154.0
agnews,agnews_lr_1e-4_b_128_lf_300_dp_20250413_06-29-40,agnews_lr_1e-4_b_128_lf_300_dp_20250413_06-29-40.log,Finished,1e-4,128.0,300.0,Data Programming,"(1, 3)",,CUDA,128.0,255.0,NVIDIA GeForce RTX 4090,24.0,2003.8,2025-04-13T06:29:40Z,1162.0,0h 19m 22s,https://wandb.ai/fb8-university-of-illinois-urbana-champaign/dl4h-reproduce-keyclass/runs/kxtbij00,0.7307166666666667,0.7471587419118968,0.7307166666666667,0.8304578947368423,0.004261065113358051,0.8310527864539003,0.004208145577871266,0.8304578947368423,0.004261065113358051,14.0,0.8538013157894732,0.003932907502928695,0.8544596689616237,0.003941690573002122,0.8538013157894732,0.003932907502928695,88.0
agnews,agnews_lr_1e-4_b_128_lf_300_mv_20250413_06-53-44,agnews_lr_1e-4_b_128_lf_300_mv_20250413_06-53-44.log,Finished,1e-4,128.0,300.0,Majority Vote,"(1, 3)",,CUDA,128.0,255.0,NVIDIA GeForce RTX 4090,24.0,2003.8,2025-04-13T06:53:45Z,5302.0,1h 28m 22s,https://wandb.ai/fb8-university-of-illinois-urbana-champaign/dl4h-reproduce-keyclass/runs/vgjwksun,0.693975,0.7224700641002721,0.693975,0.8558789473684206,0.0039814702388888835,0.8550583238598009,0.004006538965491313,0.8558789473684206,0.0039814702388888835,19.0,0.8546131578947371,0.003932375914432649,0.8585317997042593,0.003902390698064623,0.8546131578947371,0.003932375914432649,77.0
agnews,agnews_lr_1e-4_b_128_lf_15_dp_20250411_17-19-47,agnews_lr_1e-4_b_128_lf_15_dp_20250411_17-19-47.log,Finished,1e-4,128.0,15.0,Data Programming,"(1, 3)",,CUDA,24.0,32.0,NVIDIA GeForce RTX 4090,24.0,125.6,2025-04-11T17:19:48Z,1823.0,0h 30m 23s,https://wandb.ai/fb8-university-of-illinois-urbana-champaign/dl4h-reproduce-keyclass/runs/cfm4j6o4,0.41018333333333334,0.6108362112302684,0.41018333333333334,0.757482894736842,0.005201901920188198,0.7540686832902499,0.0053779992376206546,0.757482894736842,0.005201901920188198,19.0,0.6573197368421053,0.004795133115232335,0.6871143612916474,0.004737218669362014,0.6573197368421053,0.004795133115232335,276.0
agnews,agnews_lr_1e-4_b_128_lf_15_mv_20250411_17-50-24,agnews_lr_1e-4_b_128_lf_15_mv_20250411_17-50-24.log,Finished,1e-4,128.0,15.0,Majority Vote,"(1, 3)",,CUDA,24.0,32.0,NVIDIA GeForce RTX 4090,24.0,125.6,2025-04-11T17:50:25Z,1392.0,0h 23m 12s,https://wandb.ai/fb8-university-of-illinois-urbana-champaign/dl4h-reproduce-keyclass/runs/zg0naz9e,0.4090666666666667,0.6070310958594397,0.4090666666666667,0.7796013157894734,0.005119839980565099,0.7794594348419056,0.005219646973497364,0.7796013157894734,0.005119839980565099,19.0,0.8087776315789473,0.004472340936104206,0.8209491791883886,0.004058201476481554,0.8087776315789473,0.004472340936104206,199.0
agnews,agnews_lr_1e-4_b_64_lf_300_dp_20250413_08-25-14,agnews_lr_1e-4_b_64_lf_300_dp_20250413_08-25-14.log,Finished,1e-4,64.0,300.0,Data Programming,"(1, 3)",,CUDA,128.0,255.0,NVIDIA GeForce RTX 4090,24.0,2003.8,2025-04-13T08:25:15Z,886.0,0h 14m 46s,https://wandb.ai/fb8-university-of-illinois-urbana-champaign/dl4h-reproduce-keyclass/runs/t980crkj,0.7307166666666667,0.7471587419118968,0.7307166666666667,0.8308815789473689,0.004331546172415493,0.8322610888257621,0.004198803191233336,0.8308815789473689,0.004331546172415493,15.0,0.8518828947368422,0.003999900232481566,0.8540738541175739,0.003912329946625679,0.8518828947368422,0.003999900232481566,44.0
agnews,agnews_lr_1e-4_b_64_lf_300_mv_20250413_08-44-51,agnews_lr_1e-4_b_64_lf_300_mv_20250413_08-44-51.log,Finished,1e-4,64.0,300.0,Majority Vote,"(1, 3)",,CUDA,128.0,255.0,NVIDIA GeForce RTX 4090,24.0,2003.8,2025-04-13T08:44:51Z,6493.0,1h 48m 13s,https://wandb.ai/fb8-university-of-illinois-urbana-champaign/dl4h-reproduce-keyclass/runs/4ldnc869,0.693975,0.7224700641002721,0.693975,0.8503907894736842,0.00394738837714254,0.8500756465913912,0.003968771788833055,0.8503907894736842,0.00394738837714254,15.0,0.8669210526315784,0.0036386753700699205,0.8662575011559283,0.0036807708370919343,0.8669210526315784,0.0036386753700699205,93.0
agnews,agnews_lr_1e-4_b_64_lf_15_dp_20250411_18-13-48,agnews_lr_1e-4_b_64_lf_15_dp_20250411_18-13-48.log,Finished,1e-4,64.0,15.0,Data Programming,"(1, 3)",,CUDA,24.0,32.0,NVIDIA GeForce RTX 4090,24.0,125.6,2025-04-11T18:13:49Z,1175.0,0h 19m 35s,https://wandb.ai/fb8-university-of-illinois-urbana-champaign/dl4h-reproduce-keyclass/runs/5odoczzo,0.41018333333333334,0.6108362112302684,0.41018333333333334,0.7499657894736841,0.005126063837967112,0.7466918709111846,0.00526753620935058,0.7499657894736841,0.005126063837967112,19.0,0.7376210526315787,0.004914598920408099,0.7363323166879201,0.005203711728129967,0.7376210526315787,0.004914598920408099,171.0
agnews,agnews_lr_1e-4_b_64_lf_15_mv_20250411_18-33-36,agnews_lr_1e-4_b_64_lf_15_mv_20250411_18-33-36.log,Finished,1e-4,64.0,15.0,Majority Vote,"(1, 3)",,CUDA,24.0,32.0,NVIDIA GeForce RTX 4090,24.0,125.6,2025-04-11T18:33:37Z,915.0,0h 15m 15s,https://wandb.ai/fb8-university-of-illinois-urbana-champaign/dl4h-reproduce-keyclass/runs/q8z3syk2,0.4090666666666667,0.6070310958594397,0.4090666666666667,0.7763302631578942,0.005108446342134844,0.7758643654529397,0.005204604161555028,0.7763302631578942,0.005108446342134844,15.0,0.8121618421052631,0.004749407857828174,0.8174774421745593,0.00466630481989692,0.8121618421052631,0.004749407857828174,125.0
agnews,agnews_lr_1e-4_b_32_lf_300_dp_20250413_10-37-48,agnews_lr_1e-4_b_32_lf_300_dp_20250413_10-37-48.log,Finished,1e-4,32.0,300.0,Data Programming,"(1, 3)",,CUDA,128.0,255.0,NVIDIA GeForce RTX 4090,24.0,2003.8,2025-04-13T10:37:49Z,820.0,0h 13m 40s,https://wandb.ai/fb8-university-of-illinois-urbana-champaign/dl4h-reproduce-keyclass/runs/w2v0whaz,0.7307166666666667,0.7471587419118968,0.7307166666666667,0.8310934210526315,0.004505294476957052,0.8330499959929358,0.004417811070884109,0.8310934210526315,0.004505294476957052,18.0,0.8484881578947366,0.003974577060724113,0.8484536001565053,0.0039913348271273215,0.8484881578947366,0.003974577060724113,11.0
agnews,agnews_lr_1e-4_b_32_lf_300_mv_20250413_10-56-18,agnews_lr_1e-4_b_32_lf_300_mv_20250413_10-56-18.log,Finished,1e-4,32.0,300.0,Majority Vote,"(1, 3)",,CUDA,128.0,255.0,NVIDIA GeForce RTX 4090,24.0,2003.8,2025-04-13T10:56:19Z,3592.0,0h 59m 52s,https://wandb.ai/fb8-university-of-illinois-urbana-champaign/dl4h-reproduce-keyclass/runs/viy5nx72,0.693975,0.7224700641002721,0.693975,0.8449947368421052,0.0041161680402019615,0.8451105532394445,0.004097811337087276,0.8449947368421052,0.0041161680402019615,18.0,0.8662776315789478,0.0037536360488541823,0.8650019192429638,0.0038623964154398255,0.8662776315789478,0.0037536360488541823,35.0
agnews,agnews_lr_1e-4_b_32_lf_15_dp_20250411_18-49-04,agnews_lr_1e-4_b_32_lf_15_dp_20250411_18-49-04.log,Finished,1e-4,32.0,15.0,Data Programming,"(1, 3)",,CUDA,24.0,32.0,NVIDIA GeForce RTX 4090,24.0,125.6,2025-04-11T18:49:05Z,1977.0,0h 32m 57s,https://wandb.ai/fb8-university-of-illinois-urbana-champaign/dl4h-reproduce-keyclass/runs/fn2mhe9i,0.41018333333333334,0.6108362112302684,0.41018333333333334,0.7446434210526318,0.00522105843457869,0.742586889212459,0.005437215750532029,0.7446434210526318,0.00522105843457869,19.0,0.6872684210526319,0.0053875793340175,0.6848442697066998,0.0057390753561041155,0.6872684210526319,0.0053875793340175,299.0
agnews,agnews_lr_1e-4_b_32_lf_15_mv_20250411_19-22-14,agnews_lr_1e-4_b_32_lf_15_mv_20250411_19-22-14.log,Finished,1e-4,32.0,15.0,Majority Vote,"(1, 3)",,CUDA,24.0,32.0,NVIDIA GeForce RTX 4090,24.0,125.6,2025-04-11T19:22:15Z,820.0,0h 13m 40s,https://wandb.ai/fb8-university-of-illinois-urbana-champaign/dl4h-reproduce-keyclass/runs/uokmufy3,0.4090666666666667,0.6070310958594397,0.4090666666666667,0.7672815789473683,0.005358970655078677,0.7661504364532931,0.00549802383165161,0.7672815789473683,0.005358970655078677,15.0,0.7895460526315794,0.005160491257026837,0.7880175231762385,0.005260171594519853,0.7895460526315794,0.005160491257026837,109.0
amazon,amazon_lr_1e-3_b_128_lf_300_dp_20250413_12-01-00,amazon_lr_1e-3_b_128_lf_300_dp_20250413_12-01-00.log,Finished,1e-3,128.0,300.0,Data Programming,"(1, 2)",,CUDA,128.0,255.0,NVIDIA GeForce RTX 4090,24.0,2003.8,2025-04-13T12:01:00Z,26689.0,7h 24m 49s,https://wandb.ai/fb8-university-of-illinois-urbana-champaign/dl4h-reproduce-keyclass/runs/kshn36bq,0.7271283333333334,0.733744217961287,0.7271283333333334,0.8577955250000002,0.0005442197735060743,0.8715184142095899,0.00047539093176848953,0.8577955250000002,0.0005442197735060743,9.0,0.9176415750000001,0.000427045907221933,0.9234493260830822,0.0003729822814061293,0.9176415750000001,0.000427045907221933,17.0
amazon,amazon_lr_1e-3_b_128_lf_300_mv_20250414_15-20-25,amazon_lr_1e-3_b_128_lf_300_mv_20250414_15-20-25.log,Finished (w/o self-train),1e-3,128.0,300.0,Majority Vote,"(1, 2)",,CUDA,,,,,,2025-04-14T15:20:26Z,,,https://wandb.ai/fb8-university-of-illinois-urbana-champaign/dl4h-reproduce-keyclass/runs/y69ejfvz,0.71885,0.7213397373602183,0.71885,0.8581137999999998,0.0005647306304779301,0.8585537047379427,0.000558093598397591,0.8581137999999998,0.0005647306304779301,19.0,,,,,,,
amazon,amazon_lr_1e-3_b_128_lf_300_mv_20250413_20-20-33,amazon_lr_1e-3_b_128_lf_300_mv_20250413_20-20-33.log,Interrupted by User,1e-3,128.0,300.0,Majority Vote,"(1, 2)",,CUDA,128.0,255.0,NVIDIA GeForce RTX 4090,24.0,2003.8,2025-04-13T20:20:33Z,67739.0,18h 48m 59s,https://wandb.ai/fb8-university-of-illinois-urbana-champaign/dl4h-reproduce-keyclass/runs/j55yxdwz,,,,,,,,,,19.0,,,,,,,7.0
amazon,amazon_lr_1e-3_b_64_lf_300_dp_20250414_21-09-02,amazon_lr_1e-3_b_64_lf_300_dp_20250414_21-09-02.log,Finished,1e-3,64.0,300.0,Data Programming,"(1, 2)",,CUDA,128.0,255.0,NVIDIA GeForce RTX 4090,24.0,2003.8,2025-04-14T21:09:03Z,42763.0,11h 52m 43s,https://wandb.ai/fb8-university-of-illinois-urbana-champaign/dl4h-reproduce-keyclass/runs/vewxa1y9,0.7271283333333334,0.733744217961287,0.7271283333333334,0.8590011750000001,0.0005538923016932112,0.8742460171411978,0.00047243043646102295,0.8590011750000001,0.0005538923016932112,11.0,0.9274957250000005,0.0003774369641079168,0.9303030195195283,0.00035312273152114887,0.9274957250000005,0.0003774369641079168,25.0
amazon,amazon_lr_1e-3_b_64_lf_300_mv_20250415_09-57-47,amazon_lr_1e-3_b_64_lf_300_mv_20250415_09-57-47.log,Finished (w/o self-train),1e-3,64.0,300.0,Majority Vote,"(1, 2)",,CUDA,,,,,,2025-04-15T09:57:48Z,,,https://wandb.ai/fb8-university-of-illinois-urbana-champaign/dl4h-reproduce-keyclass/runs/5uex4d3k,0.71885,0.7213397373602183,0.71885,0.86772465,0.0005114468471894235,0.8682415437106787,0.0005123842990126846,0.86772465,0.0005114468471894235,19.0,,,,,,,
amazon,amazon_lr_1e-3_b_32_lf_300_dp_20250411_05-56-59,amazon_lr_1e-3_b_32_lf_300_dp_20250411_05-56-59.log,Failed (Unknown Reason),1e-3,32.0,300.0,Data Programming,"(1, 2)",,CUDA,,,,,,2025-04-11T05:57:00Z,,,https://wandb.ai/fb8-university-of-illinois-urbana-champaign/dl4h-reproduce-keyclass/runs/2jovpd6r,,,,,,,,,,,,,,,,,
amazon,amazon_lr_1e-3_b_32_lf_300_dp_20250415_19-36-48,amazon_lr_1e-3_b_32_lf_300_dp_20250415_19-36-48.log,Finished,1e-3,32.0,300.0,Data Programming,"(1, 2)",,CUDA,128.0,255.0,NVIDIA GeForce RTX 4090,24.0,2003.8,2025-04-15T19:36:49Z,77081.0,21h 24m 41s,https://wandb.ai/fb8-university-of-illinois-urbana-champaign/dl4h-reproduce-keyclass/runs/vizpuh6i,0.7271283333333334,0.733744217961287,0.7271283333333334,0.85992865,0.0005463398003989852,0.8767275312445986,0.00045142321459461856,0.85992865,0.0005463398003989852,9.0,0.9036872999999999,0.00045816300047035285,0.9131663271579257,0.0003757282233756286,0.9036872999999999,0.00045816300047035285,46.0
amazon,amazon_lr_1e-3_b_32_lf_300_mv_20250416_17-35-49,amazon_lr_1e-3_b_32_lf_300_mv_20250416_17-35-49.log,Finished (w/o self-train),1e-3,32.0,300.0,Majority Vote,"(1, 2)",,CUDA,,,,,,2025-04-16T17:35:50Z,,,https://wandb.ai/fb8-university-of-illinois-urbana-champaign/dl4h-reproduce-keyclass/runs/o03mncmj,0.71885,0.7213397373602183,0.71885,0.8594498499999997,0.0005046778452636933,0.8595171590762312,0.0005033225264151033,0.8594498499999997,0.0005046778452636933,19.0,,,,,,,
amazon,amazon_lr_1e-4_b_128_lf_300_dp_20250417_11-19-16,amazon_lr_1e-4_b_128_lf_300_dp_20250417_11-19-16.log,Finished,1e-4,128.0,300.0,Data Programming,"(1, 2)",,CUDA,128.0,255.0,NVIDIA GeForce RTX 4090,24.0,2003.8,2025-04-17T11:19:17Z,32560.0,9h 2m 40s,https://wandb.ai/fb8-university-of-illinois-urbana-champaign/dl4h-reproduce-keyclass/runs/o40z31bj,0.7271283333333334,0.733744217961287,0.7271283333333334,0.8681134000000003,0.0005263181689814624,0.8797386407142345,0.0004703000435676843,0.8681134000000003,0.0005263181689814624,19.0,0.9202686750000001,0.0003769904599257072,0.9260271372501311,0.0003262166537822532,0.9202686750000001,0.0003769904599257072,28.0
amazon,amazon_lr_1e-4_b_128_lf_300_mv_20250417_21-01-07,amazon_lr_1e-4_b_128_lf_300_mv_20250417_21-01-07.log,Finished (w/o self-train),1e-4,128.0,300.0,Majority Vote,"(1, 2)",,CUDA,,,,,,2025-04-17T21:01:08Z,,,https://wandb.ai/fb8-university-of-illinois-urbana-champaign/dl4h-reproduce-keyclass/runs/fkqj2ajn,0.71885,0.7213397373602183,0.71885,0.8591472250000001,0.0005299523439659389,0.8591495283375796,0.0005296433374473912,0.8591472250000001,0.0005299523439659389,19.0,,,,,,,
amazon,amazon_lr_1e-4_b_64_lf_300_dp_20250418_02-53-21,amazon_lr_1e-4_b_64_lf_300_dp_20250418_02-53-21.log,Finished,1e-4,64.0,300.0,Data Programming,"(1, 2)",,CUDA,128.0,255.0,NVIDIA GeForce RTX 4090,24.0,2003.8,2025-04-18T02:53:22Z,98227.0,3h 17m 7s,https://wandb.ai/fb8-university-of-illinois-urbana-champaign/dl4h-reproduce-keyclass/runs/6f8rvit5,0.7271283333333334,0.733744217961287,0.7271283333333334,0.865575925,0.0005265145599838613,0.8779237159227721,0.00047589323332682836,0.865575925,0.0005265145599838613,19.0,0.8889493500000001,0.0005049471036653244,0.899340442317364,0.00042969386761914903,0.8889493500000001,0.0005049471036653244,137.0
amazon,amazon_lr_1e-4_b_64_lf_300_mv_20250419_06-48-43,amazon_lr_1e-4_b_64_lf_300_mv_20250419_06-48-43.log,Finished (w/o self-train),1e-4,64.0,300.0,Majority Vote,"(1, 2)",,CUDA,,,,,,2025-04-19T06:48:43Z,,,https://wandb.ai/fb8-university-of-illinois-urbana-champaign/dl4h-reproduce-keyclass/runs/m120moz6,0.71885,0.7213397373602183,0.71885,0.865835025,0.0005283408576619834,0.8658750959476484,0.000527335819335889,0.865835025,0.0005283408576619834,19.0,,,,,,,
amazon,amazon_lr_1e-4_b_32_lf_300_dp_20250419_16-26-08,amazon_lr_1e-4_b_32_lf_300_dp_20250419_16-26-08.log,Finished,1e-4,32.0,300.0,Data Programming,"(1, 2)",,CUDA,128.0,255.0,NVIDIA GeForce RTX 4090,24.0,2003.8,2025-04-19T16:26:08Z,91233.0,1h 20m 33s,https://wandb.ai/fb8-university-of-illinois-urbana-champaign/dl4h-reproduce-keyclass/runs/anmpn454,0.7271283333333334,0.733744217961287,0.7271283333333334,0.8694429750000003,0.0005507416244256471,0.8805357220947255,0.0004958858181597005,0.8694429750000003,0.0005507416244256471,14.0,0.8920581999999995,0.000523003594633918,0.9022719318060543,0.00043961989068085387,0.8920581999999995,0.000523003594633918,78.0
amazon,amazon_lr_1e-4_b_32_lf_300_mv_20250420_18-26-54,amazon_lr_1e-4_b_32_lf_300_mv_20250420_18-26-54.log,Finished (w/o self-train),1e-4,32.0,300.0,Majority Vote,"(1, 2)",,CUDA,,,,,,2025-04-20T18:26:54Z,,,https://wandb.ai/fb8-university-of-illinois-urbana-champaign/dl4h-reproduce-keyclass/runs/sr35yrlm,0.71885,0.7213397373602183,0.71885,0.8703534000000002,0.0005115997605550696,0.8703902456081809,0.0005122534661191778,0.8703534000000002,0.0005115997605550696,19.0,,,,,,,
dbpedia,dbpedia_lr_1e-3_b_128_lf_300_dp_20250423_18-48-41,dbpedia_lr_1e-3_b_128_lf_300_dp_20250423_18-48-41.log,Finished,1e-3,128.0,300.0,Data Programming,"(1, 3)",,CPU,32.0,64.0,NVIDIA GeForce RTX 4090,24.0,503.7,2025-04-23T18:48:42Z,17668.0,4h 54m 28s,https://wandb.ai/fb8-university-of-illinois-urbana-champaign/dl4h-reproduce-keyclass/runs/wjs2ix2z,0.7448660714285714,0.761854857679704,0.7448660714285714,0.9018369999999999,0.001118207558039717,0.9056968266021533,0.0010377891272843672,0.9018369999999999,0.001118207558039717,9.0,0.9071664285714286,0.0009932411898549553,0.9118816524697035,0.0009344488408028358,0.9071664285714286,0.0009932411898549553,8.0
dbpedia,dbpedia_lr_1e-3_b_128_lf_300_dp_20250422_19-48-28,dbpedia_lr_1e-3_b_128_lf_300_dp_20250422_19-48-28.log,Failed (Unknown Reason),1e-3,128.0,300.0,Data Programming,"(1, 3)",,CUDA,,,,,,2025-04-22T19:48:29Z,,,https://wandb.ai/fb8-university-of-illinois-urbana-champaign/dl4h-reproduce-keyclass/runs/cwtomctk,,,,,,,,,,,,,,,,,
dbpedia,dbpedia_lr_1e-3_b_128_lf_300_dp_20250421_14-39-09,dbpedia_lr_1e-3_b_128_lf_300_dp_20250421_14-39-09.log,Failed (Out of Memory),1e-3,128.0,300.0,Data Programming,"(1, 3)",,CUDA,,,,,,2025-04-21T14:39:10Z,,,https://wandb.ai/fb8-university-of-illinois-urbana-champaign/dl4h-reproduce-keyclass/runs/mlktzfws,,,,,,,,,,,,,,,,,
dbpedia,dbpedia_lr_1e-3_b_128_lf_300_mv_20250422_04-36-51,dbpedia_lr_1e-3_b_128_lf_300_mv_20250422_04-36-51.log,Finished,1e-3,128.0,300.0,Majority Vote,"(1, 3)",,CUDA,128.0,255.0,NVIDIA GeForce RTX 4090,24.0,2003.8,2025-04-22T04:36:52Z,7714.0,2h 8m 34s,https://wandb.ai/fb8-university-of-illinois-urbana-champaign/dl4h-reproduce-keyclass/runs/6pywqne9,0.7568196428571429,0.7564054561669388,0.7568196428571429,0.883732571428571,0.0013793300355385478,0.888667449725898,0.0013214265344325634,0.883732571428571,0.0013793300355385478,14.0,0.8801265714285715,0.0011371913485712533,0.8852748341748864,0.0011156373599121366,0.8801265714285715,0.0011371913485712533,8.0
dbpedia,dbpedia_lr_1e-3_b_128_lf_250_dp_20250421_14-07-50,dbpedia_lr_1e-3_b_128_lf_250_dp_20250421_14-07-50.log,Failed (Out of Memory),1e-3,128.0,250.0,Data Programming,"(1, 3)",,CUDA,,,,,,2025-04-21T14:07:51Z,,,https://wandb.ai/fb8-university-of-illinois-urbana-champaign/dl4h-reproduce-keyclass/runs/79gfkup7,,,,,,,,,,,,,,,,,
dbpedia,dbpedia_lr_1e-3_b_128_lf_250_dp_20250423_13-36-38,dbpedia_lr_1e-3_b_128_lf_250_dp_20250423_13-36-38.log,Finished,1e-3,128.0,250.0,Data Programming,"(1, 3)",,CPU,32.0,64.0,NVIDIA GeForce RTX 4090,24.0,503.7,2025-04-23T13:36:39Z,18007.0,5h 0m 7s,https://wandb.ai/fb8-university-of-illinois-urbana-champaign/dl4h-reproduce-keyclass/runs/68zhwy51,0.7448660714285714,0.761854857679704,0.7448660714285714,0.9018369999999999,0.001118207558039717,0.9056968266021533,0.0010377891272843672,0.9018369999999999,0.001118207558039717,9.0,0.9071664285714286,0.0009932411898549553,0.9118816524697035,0.0009344488408028358,0.9071664285714286,0.0009932411898549553,8.0
dbpedia,dbpedia_lr_1e-3_b_128_lf_250_dp_20250422_17-30-41,dbpedia_lr_1e-3_b_128_lf_250_dp_20250422_17-30-41.log,Failed (Unknown Reason),1e-3,128.0,250.0,Data Programming,"(1, 3)",,CUDA,,,,,,2025-04-22T17:30:42Z,,,https://wandb.ai/fb8-university-of-illinois-urbana-champaign/dl4h-reproduce-keyclass/runs/qf1n3s6f,,,,,,,,,,,,,,,,,
dbpedia,dbpedia_lr_1e-3_b_128_lf_250_mv_20250422_02-16-38,dbpedia_lr_1e-3_b_128_lf_250_mv_20250422_02-16-38.log,Finished,1e-3,128.0,250.0,Majority Vote,"(1, 3)",,CUDA,128.0,255.0,NVIDIA GeForce RTX 4090,24.0,2003.8,2025-04-22T02:16:39Z,7847.0,2h 10m 47s,https://wandb.ai/fb8-university-of-illinois-urbana-champaign/dl4h-reproduce-keyclass/runs/drp4a41r,0.7568196428571429,0.7564054561669388,0.7568196428571429,0.883732571428571,0.0013793300355385478,0.888667449725898,0.0013214265344325634,0.883732571428571,0.0013793300355385478,14.0,0.8801265714285715,0.0011371913485712533,0.8852748341748864,0.0011156373599121366,0.8801265714285715,0.0011371913485712533,8.0
dbpedia,dbpedia_lr_1e-3_b_128_lf_100_dp_20250422_16-15-46,dbpedia_lr_1e-3_b_128_lf_100_dp_20250422_16-15-46.log,Finished,1e-3,128.0,100.0,Data Programming,"(1, 3)",,CUDA,64.0,128.0,NVIDIA H100 80GB HBM3,79.6,503.4,2025-04-22T16:15:47Z,3705.0,1h 1m 45s,https://wandb.ai/fb8-university-of-illinois-urbana-champaign/dl4h-reproduce-keyclass/runs/z3of1j2m,0.7565017857142857,0.769079117861021,0.7565017857142857,0.9018067142857145,0.0011567008944336765,0.907170216469993,0.0010333141249471024,0.9018067142857145,0.0011567008944336765,5.0,0.8936324285714289,0.0009855338447682467,0.9029481575157444,0.0009496980477300659,0.8936324285714289,0.0009855338447682467,1.0
dbpedia,dbpedia_lr_1e-3_b_128_lf_100_dp_20250421_13-43-15,dbpedia_lr_1e-3_b_128_lf_100_dp_20250421_13-43-15.log,Failed (Out of Memory),1e-3,128.0,100.0,Data Programming,"(1, 3)",,CUDA,,,,,,2025-04-21T13:43:16Z,,,https://wandb.ai/fb8-university-of-illinois-urbana-champaign/dl4h-reproduce-keyclass/runs/voan56sh,,,,,,,,,,,,,,,,,
dbpedia,dbpedia_lr_1e-3_b_128_lf_100_mv_20250422_00-56-17,dbpedia_lr_1e-3_b_128_lf_100_mv_20250422_00-56-17.log,Finished,1e-3,128.0,100.0,Majority Vote,"(1, 3)",,CUDA,128.0,255.0,NVIDIA GeForce RTX 4090,24.0,2003.8,2025-04-22T00:56:17Z,4335.0,1h 12m 15s,https://wandb.ai/fb8-university-of-illinois-urbana-champaign/dl4h-reproduce-keyclass/runs/u9siu0x2,0.7592660714285714,0.758625624529796,0.7592660714285714,0.8949574285714287,0.0013744208130803963,0.9012210121625763,0.001271734991549094,0.8949574285714287,0.0013744208130803963,9.0,0.8977702857142853,0.0010379506496073943,0.9043644099879663,0.0010121066411546743,0.8977702857142853,0.0010379506496073943,1.0
dbpedia,dbpedia_lr_1e-3_b_128_lf_50_dp_20250421_12-50-11,dbpedia_lr_1e-3_b_128_lf_50_dp_20250421_12-50-11.log,Finished,1e-3,128.0,50.0,Data Programming,"(1, 3)",,CUDA,128.0,255.0,NVIDIA GeForce RTX 4090,24.0,2003.8,2025-04-21T12:50:11Z,2597.0,0h 43m 17s,https://wandb.ai/fb8-university-of-illinois-urbana-champaign/dl4h-reproduce-keyclass/runs/200t86w0,0.74275,0.7633760566445529,0.74275,0.9004037142857144,0.001207107556542179,0.9048290828785297,0.0011289147518389164,0.9004037142857144,0.001207107556542179,12.0,0.908064285714286,0.001046520961304157,0.9130268830190887,0.0009975062774269915,0.908064285714286,0.001046520961304157,12.0
dbpedia,dbpedia_lr_1e-3_b_128_lf_50_mv_20250421_20-11-48,dbpedia_lr_1e-3_b_128_lf_50_mv_20250421_20-11-48.log,Finished,1e-3,128.0,50.0,Majority Vote,"(1, 3)",,CUDA,128.0,255.0,NVIDIA GeForce RTX 4090,24.0,2003.8,2025-04-21T20:11:49Z,16483.0,4h 34m 43s,https://wandb.ai/fb8-university-of-illinois-urbana-champaign/dl4h-reproduce-keyclass/runs/2t8e1g86,0.7345,0.7565894545579027,0.7345,0.877876571428571,0.001310647946939348,0.8863445860985941,0.0012173232177553099,0.877876571428571,0.001310647946939348,19.0,0.9059205714285719,0.0011297142857142847,0.9119876216312544,0.0010072395814941018,0.9059205714285719,0.0011297142857142847,33.0
dbpedia,dbpedia_lr_1e-3_b_128_lf_30_dp_20250421_11-21-27,dbpedia_lr_1e-3_b_128_lf_30_dp_20250421_11-21-27.log,Finished,1e-3,128.0,30.0,Data Programming,"(1, 3)",,CUDA,128.0,255.0,NVIDIA GeForce RTX 4090,24.0,2003.8,2025-04-21T11:21:28Z,4740.0,1h 19m 0s,https://wandb.ai/fb8-university-of-illinois-urbana-champaign/dl4h-reproduce-keyclass/runs/n69lghy1,0.707475,0.7668416035134458,0.707475,0.8948659999999999,0.001233918232332127,0.9000719818256974,0.0011427286405803392,0.8948659999999999,0.001233918232332127,18.0,0.9414637142857142,0.0008084084136532145,0.9450369630424461,0.0007575956328497729,0.9414637142857142,0.0008084084136532145,54.0
dbpedia,dbpedia_lr_1e-3_b_128_lf_30_mv_20250421_15-13-27,dbpedia_lr_1e-3_b_128_lf_30_mv_20250421_15-13-27.log,Finished,1e-3,128.0,30.0,Majority Vote,"(1, 3)",,CUDA,128.0,255.0,NVIDIA GeForce RTX 4090,24.0,2003.8,2025-04-21T15:13:28Z,17307.0,4h 48m 27s,https://wandb.ai/fb8-university-of-illinois-urbana-champaign/dl4h-reproduce-keyclass/runs/mg93is80,0.6943214285714285,0.7576334592175258,0.6943214285714285,0.8704687142857145,0.0013576806378105713,0.8791263825446759,0.001254776498576502,0.8704687142857145,0.0013576806378105713,19.0,0.9118344285714284,0.0009633764919833382,0.9178852865206045,0.0008811636260457601,0.9118344285714284,0.0009633764919833382,33.0
dbpedia,dbpedia_lr_1e-3_b_128_lf_15_dp_20250411_19-36-07,dbpedia_lr_1e-3_b_128_lf_15_dp_20250411_19-36-07.log,Finished,1e-3,128.0,15.0,Data Programming,"(1, 3)",,CUDA,24.0,32.0,NVIDIA GeForce RTX 4090,24.0,125.6,2025-04-11T19:36:08Z,49966.0,13h 52m 46s,https://wandb.ai/fb8-university-of-illinois-urbana-champaign/dl4h-reproduce-keyclass/runs/jahohsmp,0.6382178571428572,0.7467515040464772,0.6382178571428572,0.8135815714285713,0.0015608884113392097,0.7840593560259091,0.0016773275806848701,0.8135815714285713,0.0015608884113392097,18.0,0.7719081428571425,0.0014936043994447845,0.7671277724624769,0.0013629845898198377,0.7719081428571425,0.0014936043994447845,1032.0
dbpedia,dbpedia_lr_1e-3_b_128_lf_15_mv_20250412_09-29-06,dbpedia_lr_1e-3_b_128_lf_15_mv_20250412_09-29-06.log,Finished,1e-3,128.0,15.0,Majority Vote,"(1, 3)",,CUDA,24.0,32.0,NVIDIA GeForce RTX 4090,24.0,125.6,2025-04-12T09:29:07Z,3709.0,1h 1m 49s,https://wandb.ai/fb8-university-of-illinois-urbana-champaign/dl4h-reproduce-keyclass/runs/ze9fc4lc,0.6298857142857143,0.7435900688159177,0.6298857142857143,0.8317701428571427,0.0013454035052120003,0.853952588519125,0.0012040608868344363,0.8317701428571427,0.0013454035052120003,14.0,0.9085521428571428,0.0011100328640106356,0.9118278323838477,0.0010721189776306198,0.9085521428571428,0.0011100328640106356,63.0
dbpedia,dbpedia_lr_1e-3_b_64_lf_15_dp_20250412_10-31-09,dbpedia_lr_1e-3_b_64_lf_15_dp_20250412_10-31-09.log,Finished,1e-3,64.0,15.0,Data Programming,"(1, 3)",,CUDA,24.0,32.0,NVIDIA GeForce RTX 4090,24.0,125.6,2025-04-12T10:31:10Z,67664.0,18h 47m 44s,https://wandb.ai/fb8-university-of-illinois-urbana-champaign/dl4h-reproduce-keyclass/runs/idfno0rd,0.6382178571428572,0.7467515040464772,0.6382178571428572,0.8117145714285714,0.0015876037391783424,0.7828985338649089,0.0017048913657740571,0.8117145714285714,0.0015876037391783424,19.0,0.7658375714285716,0.0015764823345094628,0.7495640739018318,0.0014561932790615767,0.7658375714285716,0.0015764823345094628,1399.0
dbpedia,dbpedia_lr_1e-3_b_64_lf_15_mv_20250413_05-19-05,dbpedia_lr_1e-3_b_64_lf_15_mv_20250413_05-19-05.log,Finished,1e-3,64.0,15.0,Majority Vote,"(1, 3)",,CUDA,24.0,32.0,NVIDIA GeForce RTX 4090,24.0,125.6,2025-04-13T05:19:06Z,68174.0,18h 56m 14s,https://wandb.ai/fb8-university-of-illinois-urbana-champaign/dl4h-reproduce-keyclass/runs/rsf5bl4q,0.6298857142857143,0.7435900688159177,0.6298857142857143,0.8216362857142857,0.0015311879075290656,0.8014215349033051,0.0015302252910198355,0.8216362857142857,0.0015311879075290656,19.0,0.8257934285714286,0.0013364870491901744,0.7931987945285662,0.001785671232053516,0.8257934285714286,0.0013364870491901744,1399.0
dbpedia,dbpedia_lr_1e-3_b_32_lf_15_dp_20250414_00-15-32,dbpedia_lr_1e-3_b_32_lf_15_dp_20250414_00-15-32.log,Finished,1e-3,32.0,15.0,Data Programming,"(1, 3)",,CUDA,24.0,32.0,NVIDIA GeForce RTX 4090,24.0,125.6,2025-04-14T00:15:33Z,34727.0,9h 38m 47s,https://wandb.ai/fb8-university-of-illinois-urbana-champaign/dl4h-reproduce-keyclass/runs/e5p3hd88,0.6382178571428572,0.7467515040464772,0.6382178571428572,0.8128830000000002,0.0016025575159215745,0.7849921559655557,0.0017049858823197364,0.8128830000000002,0.0016025575159215745,15.0,0.8561702857142858,0.0012645765282964737,0.8318628664945577,0.0013139118859075562,0.8561702857142858,0.0012645765282964737,708.0
dbpedia,dbpedia_lr_1e-3_b_32_lf_15_mv_20250414_09-54-32,dbpedia_lr_1e-3_b_32_lf_15_mv_20250414_09-54-32.log,Finished,1e-3,32.0,15.0,Majority Vote,"(1, 3)",,CUDA,24.0,32.0,NVIDIA GeForce RTX 4090,24.0,125.6,2025-04-14T09:54:33Z,5491.0,1h 31m 31s,https://wandb.ai/fb8-university-of-illinois-urbana-champaign/dl4h-reproduce-keyclass/runs/lpxmxtt3,0.6298857142857143,0.7435900688159177,0.6298857142857143,0.8280439999999996,0.00138222340850544,0.8528696124894318,0.0012970040808547177,0.8280439999999996,0.00138222340850544,19.0,0.8800402857142854,0.0011232794189609428,0.8832883131586897,0.001412595921519558,0.8800402857142854,0.0011232794189609428,95.0
dbpedia,dbpedia_lr_1e-4_b_128_lf_15_dp_20250414_11-26-16,dbpedia_lr_1e-4_b_128_lf_15_dp_20250414_11-26-16.log,Finished,1e-4,128.0,15.0,Data Programming,"(1, 3)",,CUDA,24.0,32.0,NVIDIA GeForce RTX 4090,24.0,125.6,2025-04-14T11:26:17Z,67317.0,18h 41m 57s,https://wandb.ai/fb8-university-of-illinois-urbana-champaign/dl4h-reproduce-keyclass/runs/tnxqqk2u,0.6382178571428572,0.7467515040464772,0.6382178571428572,0.8192342857142861,0.0015649907087159796,0.788406708454173,0.0016862079915644036,0.8192342857142861,0.0015649907087159796,18.0,0.839864142857143,0.0012748101019047376,0.8209905444962814,0.001328480464286241,0.839864142857143,0.0012748101019047376,1399.0
dbpedia,dbpedia_lr_1e-4_b_128_lf_15_mv_20250415_06-08-26,dbpedia_lr_1e-4_b_128_lf_15_mv_20250415_06-08-26.log,Finished,1e-4,128.0,15.0,Majority Vote,"(1, 3)",,CUDA,24.0,32.0,NVIDIA GeForce RTX 4090,24.0,125.6,2025-04-15T06:08:27Z,10714.0,2h 58m 34s,https://wandb.ai/fb8-university-of-illinois-urbana-champaign/dl4h-reproduce-keyclass/runs/ztuqqjj1,0.6298857142857143,0.7435900688159177,0.6298857142857143,0.8333055714285713,0.0014802094377458373,0.8095398748916789,0.001503568798386652,0.8333055714285713,0.0014802094377458373,14.0,0.8485551428571426,0.0012957182548372019,0.825358778846508,0.0013500166635409508,0.8485551428571426,0.0012957182548372019,209.0
dbpedia,dbpedia_lr_1e-4_b_64_lf_15_dp_20250415_09-07-13,dbpedia_lr_1e-4_b_64_lf_15_dp_20250415_09-07-13.log,Finished,1e-4,64.0,15.0,Data Programming,"(1, 3)",,CUDA,24.0,32.0,NVIDIA GeForce RTX 4090,24.0,125.6,2025-04-15T09:07:13Z,67467.0,18h 44m 27s,https://wandb.ai/fb8-university-of-illinois-urbana-champaign/dl4h-reproduce-keyclass/runs/grabxehs,0.6382178571428572,0.7467515040464772,0.6382178571428572,0.8187914285714285,0.0015830092758246672,0.7875911727101891,0.0017083098030420826,0.8187914285714285,0.0015830092758246672,19.0,0.8480507142857142,0.0012452888772309437,0.8133049569639662,0.0014634227562597552,0.8480507142857142,0.0012452888772309437,1399.0
dbpedia,dbpedia_lr_1e-4_b_64_lf_15_mv_20250416_03-51-53,dbpedia_lr_1e-4_b_64_lf_15_mv_20250416_03-51-53.log,Finished,1e-4,64.0,15.0,Majority Vote,"(1, 3)",,CUDA,24.0,32.0,NVIDIA GeForce RTX 4090,24.0,125.6,2025-04-16T03:51:54Z,12369.0,3h 26m 9s,https://wandb.ai/fb8-university-of-illinois-urbana-champaign/dl4h-reproduce-keyclass/runs/nx8564cj,0.6298857142857143,0.7435900688159177,0.6298857142857143,0.8372962857142855,0.0012936069175537212,0.8645733171876809,0.001540652874065298,0.8372962857142855,0.0012936069175537212,19.0,0.9305188571428572,0.0010493883155127477,0.9298578660718819,0.0010704089452454484,0.9305188571428572,0.0010493883155127477,241.0
dbpedia,dbpedia_lr_1e-4_b_32_lf_15_dp_20250416_07-18-15,dbpedia_lr_1e-4_b_32_lf_15_dp_20250416_07-18-15.log,Finished,1e-4,32.0,15.0,Data Programming,"(1, 3)",,CUDA,24.0,32.0,NVIDIA GeForce RTX 4090,24.0,125.6,2025-04-16T07:18:16Z,67511.0,18h 45m 11s,https://wandb.ai/fb8-university-of-illinois-urbana-champaign/dl4h-reproduce-keyclass/runs/ucdrovr0,0.6382178571428572,0.7467515040464772,0.6382178571428572,0.8180391428571427,0.0015559964587337032,0.787083691542104,0.0016906761738979253,0.8180391428571427,0.0015559964587337032,15.0,0.8492147142857144,0.0012761188848078638,0.8158679095806113,0.0014590771669687529,0.8492147142857144,0.0012761188848078638,1399.0
dbpedia,dbpedia_lr_1e-4_b_32_lf_15_mv_20250417_02-03-39,dbpedia_lr_1e-4_b_32_lf_15_mv_20250417_02-03-39.log,Finished,1e-4,32.0,15.0,Majority Vote,"(1, 3)",,CUDA,24.0,32.0,NVIDIA GeForce RTX 4090,24.0,125.6,2025-04-17T02:03:40Z,5499.0,1h 31m 39s,https://wandb.ai/fb8-university-of-illinois-urbana-champaign/dl4h-reproduce-keyclass/runs/5o13rlah,0.6298857142857143,0.7435900688159177,0.6298857142857143,0.8353928571428573,0.0012851419360982558,0.8573062641158932,0.001397236920987169,0.8353928571428573,0.0012851419360982558,19.0,0.9176735714285716,0.0011304475815772563,0.9204270279088023,0.0011179261909741926,0.9176735714285716,0.0011304475815772563,95.0
imdb,imdb_lr_1e-3_b_128_lf_300_dp_20250411_03-15-34,imdb_lr_1e-3_b_128_lf_300_dp_20250411_03-15-34.log,Finished,1e-3,128.0,300.0,Data Programming,"(1, 2)",,CUDA,24.0,32.0,NVIDIA GeForce RTX 4090,24.0,125.6,2025-04-11T03:15:35Z,619.0,0h 10m 19s,https://wandb.ai/fb8-university-of-illinois-urbana-champaign/dl4h-reproduce-keyclass/runs/u3xr4age,0.70016,0.7181105255683281,0.70016,0.8436007999999999,0.0021655408931719566,0.8570325600877535,0.001898917175744502,0.8436007999999999,0.0021655408931719566,8.0,0.8847179999999998,0.0019144618042677215,0.8874527243540533,0.0018436992839741496,0.8847179999999998,0.0019144618042677215,4.0
imdb,imdb_lr_1e-3_b_128_lf_300_mv_20250411_03-26-06,imdb_lr_1e-3_b_128_lf_300_mv_20250411_03-26-06.log,Finished,1e-3,128.0,300.0,Majority Vote,"(1, 2)",,CUDA,24.0,32.0,NVIDIA GeForce RTX 4090,24.0,125.6,2025-04-11T03:26:07Z,1751.0,0h 29m 11s,https://wandb.ai/fb8-university-of-illinois-urbana-champaign/dl4h-reproduce-keyclass/runs/rj7u5uqt,0.72044,0.7205179398606644,0.72044,0.8359920000000003,0.00215091422423117,0.84542454180482,0.0020081724957389147,0.8359920000000003,0.00215091422423117,12.0,0.9203100000000001,0.0017042570228694874,0.921312689197814,0.0016738054352827805,0.9203100000000001,0.0017042570228694874,20.0
imdb,imdb_lr_1e-3_b_64_lf_300_dp_20250411_02-34-19,imdb_lr_1e-3_b_64_lf_300_dp_20250411_02-34-19.log,Finished,1e-3,64.0,300.0,Data Programming,"(1, 2)",,CUDA,24.0,32.0,NVIDIA GeForce RTX 4090,24.0,125.6,2025-04-11T02:34:20Z,910.0,0h 15m 10s,https://wandb.ai/fb8-university-of-illinois-urbana-champaign/dl4h-reproduce-keyclass/runs/6n6x8hci,0.70016,0.7181105255683281,0.70016,0.8569431999999999,0.002218678381379333,0.8611345397801778,0.0021178348542567308,0.8569431999999999,0.002218678381379333,19.0,0.9185276000000002,0.0017490266550284454,0.9202675553998003,0.0016793742132571257,0.9185276000000002,0.0017490266550284454,8.0
imdb,imdb_lr_1e-3_b_64_lf_300_mv_20250411_02-49-42,imdb_lr_1e-3_b_64_lf_300_mv_20250411_02-49-42.log,Finished,1e-3,64.0,300.0,Majority Vote,"(1, 2)",,CUDA,24.0,32.0,NVIDIA GeForce RTX 4090,24.0,125.6,2025-04-11T02:49:43Z,1539.0,0h 25m 39s,https://wandb.ai/fb8-university-of-illinois-urbana-champaign/dl4h-reproduce-keyclass/runs/sdq4thke,0.72044,0.7205179398606644,0.72044,0.8535072000000002,0.002191531920826159,0.8538103890822427,0.0021855672436958576,0.8535072000000002,0.002191531920826159,15.0,0.9207191999999996,0.001723094704303853,0.9214156526076758,0.0017017317556250594,0.9207191999999996,0.001723094704303853,17.0
imdb,imdb_lr_1e-3_b_32_lf_300_dp_20250411_01-56-20,imdb_lr_1e-3_b_32_lf_300_dp_20250411_01-56-20.log,Finished,1e-3,32.0,300.0,Data Programming,"(1, 2)",,CUDA,24.0,32.0,NVIDIA GeForce RTX 4090,24.0,125.6,2025-04-11T01:56:21Z,1208.0,0h 20m 8s,https://wandb.ai/fb8-university-of-illinois-urbana-champaign/dl4h-reproduce-keyclass/runs/9w85hcah,0.70016,0.7181105255683281,0.70016,0.8422483999999997,0.002165705760254608,0.8574679964984047,0.001917016132591992,0.8422483999999997,0.002165705760254608,19.0,0.9217967999999999,0.0016336822702104597,0.9225441989004851,0.0015996395073810928,0.9217967999999999,0.0016336822702104597,12.0
imdb,imdb_lr_1e-3_b_32_lf_300_mv_20250411_02-16-42,imdb_lr_1e-3_b_32_lf_300_mv_20250411_02-16-42.log,Finished,1e-3,32.0,300.0,Majority Vote,"(1, 2)",,CUDA,24.0,32.0,NVIDIA GeForce RTX 4090,24.0,125.6,2025-04-11T02:16:43Z,1044.0,0h 17m 24s,https://wandb.ai/fb8-university-of-illinois-urbana-champaign/dl4h-reproduce-keyclass/runs/voh9jv7v,0.72044,0.7205179398606644,0.72044,0.8603443999999999,0.002236818419094403,0.8604326540295218,0.0022340749202594073,0.8603443999999999,0.002236818419094403,19.0,0.9223703999999998,0.001487619521248625,0.9224010120931276,0.0014842857488510037,0.9223703999999998,0.001487619521248625,10.0
imdb,imdb_lr_1e-4_b_128_lf_300_dp_20250411_05-08-29,imdb_lr_1e-4_b_128_lf_300_dp_20250411_05-08-29.log,Finished,1e-4,128.0,300.0,Data Programming,"(1, 2)",,CUDA,24.0,32.0,NVIDIA GeForce RTX 4090,24.0,125.6,2025-04-11T05:08:30Z,1488.0,0h 24m 48s,https://wandb.ai/fb8-university-of-illinois-urbana-champaign/dl4h-reproduce-keyclass/runs/mma9eu8w,0.70016,0.7181105255683281,0.70016,0.8477311999999998,0.0019494169795095098,0.8617256354775867,0.001763946141361012,0.8477311999999998,0.0019494169795095098,16.0,0.9196276,0.0016009366758245028,0.9201758124124235,0.0015828145172849483,0.9196276,0.0016009366758245028,16.0
imdb,imdb_lr_1e-4_b_128_lf_300_mv_20250411_05-33-31,imdb_lr_1e-4_b_128_lf_300_mv_20250411_05-33-31.log,Finished,1e-4,128.0,300.0,Majority Vote,"(1, 2)",,CUDA,24.0,32.0,NVIDIA GeForce RTX 4090,24.0,125.6,2025-04-11T05:33:32Z,1396.0,0h 23m 16s,https://wandb.ai/fb8-university-of-illinois-urbana-champaign/dl4h-reproduce-keyclass/runs/tn3i22hi,0.72044,0.7205179398606644,0.72044,0.8683668000000004,0.002209130543901836,0.8705147425135017,0.002165085600067788,0.8683668000000004,0.002209130543901836,12.0,0.9196919999999994,0.0016501296918727357,0.9202554348485293,0.0016363993132237553,0.9196919999999994,0.0016501296918727357,15.0
imdb,imdb_lr_1e-4_b_64_lf_300_dp_20250411_04-35-35,imdb_lr_1e-4_b_64_lf_300_dp_20250411_04-35-35.log,Finished,1e-4,64.0,300.0,Data Programming,"(1, 2)",,CUDA,24.0,32.0,NVIDIA GeForce RTX 4090,24.0,125.6,2025-04-11T04:35:35Z,694.0,0h 11m 34s,https://wandb.ai/fb8-university-of-illinois-urbana-champaign/dl4h-reproduce-keyclass/runs/tf6aiakz,0.70016,0.7181105255683281,0.70016,0.8577688000000004,0.0020253164098481048,0.8662795105110074,0.0018525757405306507,0.8577688000000004,0.0020253164098481048,19.0,0.9067923999999998,0.0016846763012519647,0.9079470489944258,0.0016254945028178138,0.9067923999999998,0.0016846763012519647,5.0
imdb,imdb_lr_1e-4_b_64_lf_300_mv_20250411_04-47-21,imdb_lr_1e-4_b_64_lf_300_mv_20250411_04-47-21.log,Finished,1e-4,64.0,300.0,Majority Vote,"(1, 2)",,CUDA,24.0,32.0,NVIDIA GeForce RTX 4090,24.0,125.6,2025-04-11T04:47:22Z,1255.0,0h 20m 55s,https://wandb.ai/fb8-university-of-illinois-urbana-champaign/dl4h-reproduce-keyclass/runs/o61qjqa1,0.72044,0.7205179398606644,0.72044,0.8681832,0.0021330629995384553,0.8695922814890618,0.002106659654610547,0.8681832,0.0021330629995384553,15.0,0.9158632000000003,0.0017237557135510808,0.9160498514075502,0.0017151193109484263,0.9158632000000003,0.0017237557135510808,13.0
imdb,imdb_lr_1e-4_b_32_lf_300_dp_20250411_03-55-31,imdb_lr_1e-4_b_32_lf_300_dp_20250411_03-55-31.log,Finished,1e-4,32.0,300.0,Data Programming,"(1, 2)",,CUDA,24.0,32.0,NVIDIA GeForce RTX 4090,24.0,125.6,2025-04-11T03:55:31Z,693.0,0h 11m 33s,https://wandb.ai/fb8-university-of-illinois-urbana-champaign/dl4h-reproduce-keyclass/runs/wwwu61va,0.70016,0.7181105255683281,0.70016,0.8576272000000003,0.002034320564709497,0.8655949259364887,0.0018941787156731942,0.8576272000000003,0.002034320564709497,14.0,0.9005988000000004,0.001619308049754585,0.9006157330690867,0.0016186169010230342,0.9005988000000004,0.001619308049754585,5.0
imdb,imdb_lr_1e-4_b_32_lf_300_mv_20250411_04-07-16,imdb_lr_1e-4_b_32_lf_300_mv_20250411_04-07-16.log,Finished,1e-4,32.0,300.0,Majority Vote,"(1, 2)",,CUDA,24.0,32.0,NVIDIA GeForce RTX 4090,24.0,125.6,2025-04-11T04:07:17Z,1685.0,0h 28m 5s,https://wandb.ai/fb8-university-of-illinois-urbana-champaign/dl4h-reproduce-keyclass/runs/wiufowya,0.72044,0.7205179398606644,0.72044,0.8680243999999998,0.0022294171076763514,0.8685787297141776,0.002221327897181674,0.8680243999999998,0.0022294171076763514,14.0,0.9137224000000002,0.0017360536397243046,0.9149963468339466,0.0017094834126411187,0.9137224000000002,0.0017360536397243046,19.0
imdb,imdb_lr_1e-3_b_32_lf_300_dp_20250411_14-58-51,imdb_lr_1e-3_b_32_lf_300_dp_20250411_14-58-51.log,Interrupted by User,,,,,,,,,,,,,,,,,,,,,,,,,,,,,,,,,
imdb,imdb_lr_1e-3_b_32_lf_300_mv_20250411_15-08-18,imdb_lr_1e-3_b_32_lf_300_mv_20250411_15-08-18.log,Interrupted by User,,,,,,,,,,,,,,,,,,,,,,,,,,,,,,,,,
imdb,imdb_lr_1e-3_b_32_lf_300_dp_20250411_15-07-44,imdb_lr_1e-3_b_32_lf_300_dp_20250411_15-07-44.log,Interrupted by User,,,,,,,,,,,,,,,,,,,,,,,,,,,,,,,,,
mimic,mimic_unfiltered_lr_1e-3_b_128_lf_300_ngram_1_1_dp_20250425_08-07-25,mimic_unfiltered_lr_1e-3_b_128_lf_300_ngram_1_1_dp_20250425_08-07-25.log,Failed (Out of Memory),1e-3,128.0,300.0,Data Programming,"(1, 1)",Unfiltered,CUDA,,,,,,2025-04-25T08:07:27Z,,,https://wandb.ai/fb8-university-of-illinois-urbana-champaign/dl4h-reproduce-keyclass/runs/2qvvwuvx,,,,,,,,,,,,,,,,,
mimic,mimic_filtered_lr_1e-3_b_128_lf_300_ngram_1_1_dp_20250420_20-21-35,mimic_filtered_lr_1e-3_b_128_lf_300_ngram_1_1_dp_20250420_20-21-35.log,Finished,1e-3,128.0,300.0,Data Programming,"(1, 1)",Filtered,CUDA,24.0,32.0,NVIDIA GeForce RTX 4090,24.0,125.6,2025-04-20T20:21:36Z,21625.0,6h 0m 25s,https://wandb.ai/fb8-university-of-illinois-urbana-champaign/dl4h-reproduce-keyclass/runs/62j46zv9,0.23930043880430446,0.7122733365367593,0.1524690976165395,0.16470538020025255,0.0020513954536089582,0.4403603671952054,0.004676285601240965,0.107910501830946,0.0014832120618431949,19.0,0.18884594744797709,0.001681653853152034,0.562741825354677,0.004601800087831344,0.12035377880997525,0.001170667846162934,97.0
mimic,mimic_unfiltered_lr_1e-3_b_128_lf_300_ngram_1_1_dp_20250424_02-13-00,mimic_unfiltered_lr_1e-3_b_128_lf_300_ngram_1_1_dp_20250424_02-13-00.log,Failed (Out of Memory),1e-3,128.0,300.0,Data Programming,"(1, 1)",Unfiltered,CUDA,,,,,,2025-04-24T02:13:01Z,,,https://wandb.ai/fb8-university-of-illinois-urbana-champaign/dl4h-reproduce-keyclass/runs/ktfzqrq2,,,,,,,,,,,,,,,,,
mimic,mimic_unfiltered_lr_1e-3_b_128_lf_300_ngram_1_2_dp_20250424_03-12-24,mimic_unfiltered_lr_1e-3_b_128_lf_300_ngram_1_2_dp_20250424_03-12-24.log,Failed (Unknown Reason),1e-3,128.0,300.0,Data Programming,"(1, 2)",Unfiltered,CUDA,,,,,,2025-04-24T03:12:26Z,,,https://wandb.ai/fb8-university-of-illinois-urbana-champaign/dl4h-reproduce-keyclass/runs/9dd8cq7g,,,,,,,,,,,,,,,,,
mimic,mimic_filtered_lr_1e-3_b_128_lf_300_ngram_1_2_dp_20250422_11-54-58,mimic_filtered_lr_1e-3_b_128_lf_300_ngram_1_2_dp_20250422_11-54-58.log,Failed (Unknown Reason),1e-3,128.0,300.0,Data Programming,"(1, 2)",Filtered,CUDA,,,,,,2025-04-22T11:54:59Z,,,https://wandb.ai/fb8-university-of-illinois-urbana-champaign/dl4h-reproduce-keyclass/runs/kmssgy0g,,,,,,,,,,,,,,,,,
mimic,mimic_unfiltered_lr_1e-3_b_128_lf_300_ngram_1_2_dp_20250424_02-20-49,mimic_unfiltered_lr_1e-3_b_128_lf_300_ngram_1_2_dp_20250424_02-20-49.log,Failed (Unknown Reason),1e-3,128.0,300.0,Data Programming,"(1, 2)",Unfiltered,CUDA,,,,,,2025-04-24T02:20:50Z,,,https://wandb.ai/fb8-university-of-illinois-urbana-champaign/dl4h-reproduce-keyclass/runs/slcr54uj,,,,,,,,,,,,,,,,,
mimic,mimic_filtered_lr_1e-3_b_128_lf_300_ngram_1_2_dp_20250423_11-56-28,mimic_filtered_lr_1e-3_b_128_lf_300_ngram_1_2_dp_20250423_11-56-28.log,Failed (Unknown Reason),1e-3,128.0,300.0,Data Programming,"(1, 2)",Filtered,CUDA,,,,,,2025-04-23T11:56:29Z,,,https://wandb.ai/fb8-university-of-illinois-urbana-champaign/dl4h-reproduce-keyclass/runs/5flackxd,,,,,,,,,,,,,,,,,
mimic,mimic_filtered_lr_1e-3_b_128_lf_250_ngram_1_1_dp_20250420_14-21-08,mimic_filtered_lr_1e-3_b_128_lf_250_ngram_1_1_dp_20250420_14-21-08.log,Finished,1e-3,128.0,250.0,Data Programming,"(1, 1)",Filtered,CUDA,24.0,32.0,NVIDIA GeForce RTX 4090,24.0,125.6,2025-04-20T14:21:09Z,21613.0,6h 0m 13s,https://wandb.ai/fb8-university-of-illinois-urbana-champaign/dl4h-reproduce-keyclass/runs/t93qwj45,0.23930043880430446,0.7122733365367593,0.1524690976165395,0.16470538020025255,0.0020513954536089582,0.4403603671952054,0.004676285601240965,0.107910501830946,0.0014832120618431949,19.0,0.18884594744797709,0.001681653853152034,0.562741825354677,0.004601800087831344,0.12035377880997525,0.001170667846162934,97.0
mimic,mimic_unfiltered_lr_1e-3_b_128_lf_250_ngram_1_1_dp_20250424_01-58-00,mimic_unfiltered_lr_1e-3_b_128_lf_250_ngram_1_1_dp_20250424_01-58-00.log,Failed (Out of Memory),1e-3,128.0,250.0,Data Programming,"(1, 1)",Unfiltered,CUDA,,,,,,2025-04-24T01:58:01Z,,,https://wandb.ai/fb8-university-of-illinois-urbana-champaign/dl4h-reproduce-keyclass/runs/6pout16v,,,,,,,,,,,,,,,,,
mimic,mimic_unfiltered_lr_1e-3_b_128_lf_250_ngram_1_1_dp_20250425_07-58-12,mimic_unfiltered_lr_1e-3_b_128_lf_250_ngram_1_1_dp_20250425_07-58-12.log,Failed (Out of Memory),1e-3,128.0,250.0,Data Programming,"(1, 1)",Unfiltered,CUDA,,,,,,2025-04-25T07:58:13Z,,,https://wandb.ai/fb8-university-of-illinois-urbana-champaign/dl4h-reproduce-keyclass/runs/52dni9d7,,,,,,,,,,,,,,,,,
mimic,mimic_unfiltered_lr_1e-3_b_128_lf_250_ngram_1_2_dp_20250424_02-05-52,mimic_unfiltered_lr_1e-3_b_128_lf_250_ngram_1_2_dp_20250424_02-05-52.log,Failed (Unknown Reason),1e-3,128.0,250.0,Data Programming,"(1, 2)",Unfiltered,CUDA,,,,,,2025-04-24T02:05:53Z,,,https://wandb.ai/fb8-university-of-illinois-urbana-champaign/dl4h-reproduce-keyclass/runs/yhiuzyiz,,,,,,,,,,,,,,,,,
mimic,mimic_filtered_lr_1e-3_b_128_lf_250_ngram_1_2_dp_20250422_11-47-49,mimic_filtered_lr_1e-3_b_128_lf_250_ngram_1_2_dp_20250422_11-47-49.log,Failed (Unknown Reason),1e-3,128.0,250.0,Data Programming,"(1, 2)",Filtered,CUDA,,,,,,2025-04-22T11:47:50Z,,,https://wandb.ai/fb8-university-of-illinois-urbana-champaign/dl4h-reproduce-keyclass/runs/zw1nqf8j,,,,,,,,,,,,,,,,,
mimic,mimic_filtered_lr_1e-3_b_128_lf_250_ngram_1_2_dp_20250423_11-50-13,mimic_filtered_lr_1e-3_b_128_lf_250_ngram_1_2_dp_20250423_11-50-13.log,Failed (Unknown Reason),1e-3,128.0,250.0,Data Programming,"(1, 2)",Filtered,CUDA,,,,,,2025-04-23T11:50:15Z,,,https://wandb.ai/fb8-university-of-illinois-urbana-champaign/dl4h-reproduce-keyclass/runs/l9vbigmn,,,,,,,,,,,,,,,,,
mimic,mimic_unfiltered_lr_1e-3_b_128_lf_250_ngram_1_2_dp_20250424_03-00-46,mimic_unfiltered_lr_1e-3_b_128_lf_250_ngram_1_2_dp_20250424_03-00-46.log,Failed (Unknown Reason),1e-3,128.0,250.0,Data Programming,"(1, 2)",Unfiltered,CUDA,,,,,,2025-04-24T03:00:47Z,,,https://wandb.ai/fb8-university-of-illinois-urbana-champaign/dl4h-reproduce-keyclass/runs/1xdf53id,,,,,,,,,,,,,,,,,
mimic,mimic_unfiltered_lr_1e-3_b_128_lf_200_ngram_1_1_dp_20250424_01-36-32,mimic_unfiltered_lr_1e-3_b_128_lf_200_ngram_1_1_dp_20250424_01-36-32.log,Failed (Out of Memory),1e-3,128.0,200.0,Data Programming,"(1, 1)",Unfiltered,CUDA,,,,,,2025-04-24T01:36:33Z,,,https://wandb.ai/fb8-university-of-illinois-urbana-champaign/dl4h-reproduce-keyclass/runs/ffus6g2l,,,,,,,,,,,,,,,,,
mimic,mimic_unfiltered_lr_1e-3_b_128_lf_200_ngram_1_1_dp_20250425_07-49-03,mimic_unfiltered_lr_1e-3_b_128_lf_200_ngram_1_1_dp_20250425_07-49-03.log,Failed (Out of Memory),1e-3,128.0,200.0,Data Programming,"(1, 1)",Unfiltered,CUDA,,,,,,2025-04-25T07:49:05Z,,,https://wandb.ai/fb8-university-of-illinois-urbana-champaign/dl4h-reproduce-keyclass/runs/jc1en3vd,,,,,,,,,,,,,,,,,
mimic,mimic_filtered_lr_1e-3_b_128_lf_200_ngram_1_1_dp_20250420_08-21-04,mimic_filtered_lr_1e-3_b_128_lf_200_ngram_1_1_dp_20250420_08-21-04.log,Finished,1e-3,128.0,200.0,Data Programming,"(1, 1)",Filtered,CUDA,24.0,32.0,NVIDIA GeForce RTX 4090,24.0,125.6,2025-04-20T08:21:05Z,21591.0,5h 59m 51s,https://wandb.ai/fb8-university-of-illinois-urbana-champaign/dl4h-reproduce-keyclass/runs/civ13w0n,0.23930043880430446,0.7122733365367593,0.1524690976165395,0.16470538020025255,0.0020513954536089582,0.4403603671952054,0.004676285601240965,0.107910501830946,0.0014832120618431949,19.0,0.18884594744797709,0.001681653853152034,0.562741825354677,0.004601800087831344,0.12035377880997525,0.001170667846162934,97.0
mimic,mimic_unfiltered_lr_1e-3_b_128_lf_200_ngram_1_2_dp_20250424_02-50-46,mimic_unfiltered_lr_1e-3_b_128_lf_200_ngram_1_2_dp_20250424_02-50-46.log,Failed (Out of Memory),1e-3,128.0,200.0,Data Programming,"(1, 2)",Unfiltered,CUDA,,,,,,2025-04-24T02:50:47Z,,,https://wandb.ai/fb8-university-of-illinois-urbana-champaign/dl4h-reproduce-keyclass/runs/rpmqx3ef,,,,,,,,,,,,,,,,,
mimic,mimic_unfiltered_lr_1e-3_b_128_lf_200_ngram_1_2_dp_20250424_01-44-17,mimic_unfiltered_lr_1e-3_b_128_lf_200_ngram_1_2_dp_20250424_01-44-17.log,Failed (Out of Memory),1e-3,128.0,200.0,Data Programming,"(1, 2)",Unfiltered,CUDA,,,,,,2025-04-24T01:44:18Z,,,https://wandb.ai/fb8-university-of-illinois-urbana-champaign/dl4h-reproduce-keyclass/runs/db4jyts2,,,,,,,,,,,,,,,,,
mimic,mimic_filtered_lr_1e-3_b_128_lf_200_ngram_1_2_dp_20250422_11-34-14,mimic_filtered_lr_1e-3_b_128_lf_200_ngram_1_2_dp_20250422_11-34-14.log,Failed (Out of Memory),1e-3,128.0,200.0,Data Programming,"(1, 2)",Filtered,CUDA,,,,,,2025-04-22T11:34:15Z,,,https://wandb.ai/fb8-university-of-illinois-urbana-champaign/dl4h-reproduce-keyclass/runs/to7nogzh,,,,,,,,,,,,,,,,,
mimic,mimic_filtered_lr_1e-3_b_128_lf_200_ngram_1_2_dp_20250423_11-39-55,mimic_filtered_lr_1e-3_b_128_lf_200_ngram_1_2_dp_20250423_11-39-55.log,Failed (Out of Memory),1e-3,128.0,200.0,Data Programming,"(1, 2)",Filtered,CUDA,,,,,,2025-04-23T11:39:57Z,,,https://wandb.ai/fb8-university-of-illinois-urbana-champaign/dl4h-reproduce-keyclass/runs/jm1xt312,,,,,,,,,,,,,,,,,
mimic,mimic_unfiltered_lr_1e-3_b_128_lf_150_ngram_1_1_dp_20250425_07-41-31,mimic_unfiltered_lr_1e-3_b_128_lf_150_ngram_1_1_dp_20250425_07-41-31.log,Failed (Out of Memory),1e-3,128.0,150.0,Data Programming,"(1, 1)",Unfiltered,CUDA,,,,,,2025-04-25T07:41:32Z,,,https://wandb.ai/fb8-university-of-illinois-urbana-champaign/dl4h-reproduce-keyclass/runs/ubct5f7i,,,,,,,,,,,,,,,,,
mimic,mimic_filtered_lr_1e-3_b_128_lf_150_ngram_1_1_dp_20250420_02-19-37,mimic_filtered_lr_1e-3_b_128_lf_150_ngram_1_1_dp_20250420_02-19-37.log,Finished,1e-3,128.0,150.0,Data Programming,"(1, 1)",Filtered,CUDA,24.0,32.0,NVIDIA GeForce RTX 4090,24.0,125.6,2025-04-20T02:19:38Z,21674.0,6h 1m 14s,https://wandb.ai/fb8-university-of-illinois-urbana-champaign/dl4h-reproduce-keyclass/runs/vxepfd5e,0.23930043880430446,0.7122733365367593,0.1524690976165395,0.16470538020025255,0.0020513954536089582,0.4403603671952054,0.004676285601240965,0.107910501830946,0.0014832120618431949,19.0,0.18884594744797709,0.001681653853152034,0.562741825354677,0.004601800087831344,0.12035377880997525,0.001170667846162934,97.0
mimic,mimic_unfiltered_lr_1e-3_b_128_lf_150_ngram_1_1_dp_20250424_01-18-27,mimic_unfiltered_lr_1e-3_b_128_lf_150_ngram_1_1_dp_20250424_01-18-27.log,Failed (Out of Memory),1e-3,128.0,150.0,Data Programming,"(1, 1)",Unfiltered,CUDA,,,,,,2025-04-24T01:18:28Z,,,https://wandb.ai/fb8-university-of-illinois-urbana-champaign/dl4h-reproduce-keyclass/runs/62f3qvvq,,,,,,,,,,,,,,,,,
mimic,mimic_unfiltered_lr_1e-3_b_128_lf_150_ngram_1_2_dp_20250424_02-41-34,mimic_unfiltered_lr_1e-3_b_128_lf_150_ngram_1_2_dp_20250424_02-41-34.log,Failed (Out of Memory),1e-3,128.0,150.0,Data Programming,"(1, 2)",Unfiltered,CUDA,,,,,,2025-04-24T02:41:36Z,,,https://wandb.ai/fb8-university-of-illinois-urbana-champaign/dl4h-reproduce-keyclass/runs/ugkh9y3d,,,,,,,,,,,,,,,,,
mimic,mimic_unfiltered_lr_1e-3_b_128_lf_150_ngram_1_2_dp_20250424_01-26-14,mimic_unfiltered_lr_1e-3_b_128_lf_150_ngram_1_2_dp_20250424_01-26-14.log,Failed (Out of Memory),1e-3,128.0,150.0,Data Programming,"(1, 2)",Unfiltered,CUDA,,,,,,2025-04-24T01:26:15Z,,,https://wandb.ai/fb8-university-of-illinois-urbana-champaign/dl4h-reproduce-keyclass/runs/2wa5j6qr,,,,,,,,,,,,,,,,,
mimic,mimic_filtered_lr_1e-3_b_128_lf_150_ngram_1_2_dp_20250424_00-45-34,mimic_filtered_lr_1e-3_b_128_lf_150_ngram_1_2_dp_20250424_00-45-34.log,Interrupted by User,1e-3,128.0,150.0,Data Programming,"(1, 2)",Filtered,CPU,32.0,64.0,NVIDIA GeForce RTX 4090,24.0,503.7,2025-04-24T00:45:35Z,60637.0,16h 50m 37s,https://wandb.ai/fb8-university-of-illinois-urbana-champaign/dl4h-reproduce-keyclass/runs/urnmasjz,,,,,,,,,,19.0,,,,,,,8.0
mimic,mimic_filtered_lr_1e-3_b_128_lf_150_ngram_1_2_dp_20250423_11-30-37,mimic_filtered_lr_1e-3_b_128_lf_150_ngram_1_2_dp_20250423_11-30-37.log,Failed (Out of Memory),1e-3,128.0,150.0,Data Programming,"(1, 2)",Filtered,CUDA,,,,,,2025-04-23T11:30:39Z,,,https://wandb.ai/fb8-university-of-illinois-urbana-champaign/dl4h-reproduce-keyclass/runs/81ktaats,,,,,,,,,,,,,,,,,
mimic,mimic_filtered_lr_1e-3_b_128_lf_150_ngram_1_2_dp_20250422_11-24-00,mimic_filtered_lr_1e-3_b_128_lf_150_ngram_1_2_dp_20250422_11-24-00.log,Failed (Out of Memory),1e-3,128.0,150.0,Data Programming,"(1, 2)",Filtered,CUDA,,,,,,2025-04-22T11:24:01Z,,,https://wandb.ai/fb8-university-of-illinois-urbana-champaign/dl4h-reproduce-keyclass/runs/pqyxt3nj,,,,,,,,,,,,,,,,,
mimic,mimic_unfiltered_lr_1e-3_b_128_lf_100_ngram_1_1_dp_20250425_00-47-24,mimic_unfiltered_lr_1e-3_b_128_lf_100_ngram_1_1_dp_20250425_00-47-24.log,Finished,1e-3,128.0,100.0,Data Programming,"(1, 1)",Unfiltered,CUDA,192.0,192.0,NVIDIA H100 80GB HBM3,79.6,2267.5,2025-04-25T00:47:25Z,24832.0,6h 53m 52s,https://wandb.ai/fb8-university-of-illinois-urbana-champaign/dl4h-reproduce-keyclass/runs/yi4gcwhp,0.15075245375332252,0.39890240509850533,0.0991207911708152,0.08698330834524304,0.0014704558125171634,0.21222365526136108,0.003214028332416752,0.05835799947319369,0.0010748085494711936,19.0,0.130019286649975,0.001644035523540762,0.3682763068052499,0.004156338077917542,0.08335006283683358,0.0011460423775895268,97.0
mimic,mimic_unfiltered_lr_1e-3_b_128_lf_100_ngram_1_1_dp_20250424_01-02-48,mimic_unfiltered_lr_1e-3_b_128_lf_100_ngram_1_1_dp_20250424_01-02-48.log,Failed (Out of Memory),1e-3,128.0,100.0,Data Programming,"(1, 1)",Unfiltered,CUDA,,,,,,2025-04-24T01:02:49Z,,,https://wandb.ai/fb8-university-of-illinois-urbana-champaign/dl4h-reproduce-keyclass/runs/epsej7fo,,,,,,,,,,,,,,,,,
mimic,mimic_filtered_lr_1e-3_b_128_lf_100_ngram_1_1_dp_20250419_20-19-13,mimic_filtered_lr_1e-3_b_128_lf_100_ngram_1_1_dp_20250419_20-19-13.log,Finished,1e-3,128.0,100.0,Data Programming,"(1, 1)",Filtered,CUDA,24.0,32.0,NVIDIA GeForce RTX 4090,24.0,125.6,2025-04-19T20:19:14Z,21610.0,6h 0m 10s,https://wandb.ai/fb8-university-of-illinois-urbana-champaign/dl4h-reproduce-keyclass/runs/p05hmiqn,0.23930043880430446,0.7122733365367593,0.1524690976165395,0.16470538020025255,0.0020513954536089582,0.4403603671952054,0.004676285601240965,0.107910501830946,0.0014832120618431949,19.0,0.18884594744797709,0.001681653853152034,0.562741825354677,0.004601800087831344,0.12035377880997525,0.001170667846162934,97.0
mimic,mimic_unfiltered_lr_1e-3_b_128_lf_100_ngram_1_2_dp_20250424_01-10-20,mimic_unfiltered_lr_1e-3_b_128_lf_100_ngram_1_2_dp_20250424_01-10-20.log,Failed (Out of Memory),1e-3,128.0,100.0,Data Programming,"(1, 2)",Unfiltered,CUDA,,,,,,2025-04-24T01:10:21Z,,,https://wandb.ai/fb8-university-of-illinois-urbana-champaign/dl4h-reproduce-keyclass/runs/om94eoqz,,,,,,,,,,,,,,,,,
mimic,mimic_filtered_lr_1e-3_b_128_lf_100_ngram_1_2_dp_20250422_11-15-52,mimic_filtered_lr_1e-3_b_128_lf_100_ngram_1_2_dp_20250422_11-15-52.log,Failed (Out of Memory),1e-3,128.0,100.0,Data Programming,"(1, 2)",Filtered,CUDA,,,,,,2025-04-22T11:15:53Z,,,https://wandb.ai/fb8-university-of-illinois-urbana-champaign/dl4h-reproduce-keyclass/runs/h1uooe4r,,,,,,,,,,,,,,,,,
mimic,mimic_unfiltered_lr_1e-3_b_128_lf_100_ngram_1_2_dp_20250423_19-11-13,mimic_unfiltered_lr_1e-3_b_128_lf_100_ngram_1_2_dp_20250423_19-11-13.log,Finished,1e-3,128.0,100.0,Data Programming,"(1, 2)",Unfiltered,CUDA,192.0,192.0,NVIDIA H100 80GB HBM3,79.6,2267.5,2025-04-23T19:11:24Z,27000.0,7h 30m 0s,https://wandb.ai/fb8-university-of-illinois-urbana-champaign/dl4h-reproduce-keyclass/runs/b7jz9q2n,0.16799078825601554,0.533421006044359,0.10520958020199314,0.13880912451585478,0.0016183450350232133,0.4276989606251423,0.004392502995789865,0.0874730161317579,0.001098207368368226,19.0,0.07941635727522611,0.0015911081263673273,0.19046582201653903,0.003566149430652748,0.05317899984344108,0.001113146372622995,97.0
mimic,mimic_filtered_lr_1e-3_b_128_lf_100_ngram_1_2_dp_20250423_04-14-06,mimic_filtered_lr_1e-3_b_128_lf_100_ngram_1_2_dp_20250423_04-14-06.log,Finished,1e-3,128.0,100.0,Data Programming,"(1, 2)",Filtered,CUDA,192.0,192.0,NVIDIA H100 80GB HBM3,79.6,2267.5,2025-04-23T04:14:07Z,26175.0,7h 16m 15s,https://wandb.ai/fb8-university-of-illinois-urbana-champaign/dl4h-reproduce-keyclass/runs/ua53im6f,0.16605675301604472,0.5270731645633646,0.10407908550595887,0.15457326765929388,0.0016192429241763152,0.4935991199453759,0.004515069709775864,0.09649743209714946,0.0010934359659462525,19.0,0.10769935917378094,0.0016112005252341016,0.29411349669979514,0.0038344077560966356,0.06990388748835565,0.001116311906753445,97.0
mimic,mimic_unfiltered_lr_1e-3_b_128_lf_80_ngram_1_1_dp_20250424_18-08-44,mimic_unfiltered_lr_1e-3_b_128_lf_80_ngram_1_1_dp_20250424_18-08-44.log,Finished,1e-3,128.0,80.0,Data Programming,"(1, 1)",Unfiltered,CUDA,192.0,192.0,NVIDIA H100 80GB HBM3,79.6,2267.5,2025-04-24T18:08:45Z,23904.0,6h 38m 24s,https://wandb.ai/fb8-university-of-illinois-urbana-champaign/dl4h-reproduce-keyclass/runs/wktmzay9,0.14101174457784943,0.3999393035077514,0.09069092576464671,0.06455241762194285,0.0012800772969921224,0.18171914118807372,0.00343104297009704,0.04168678727155892,0.0008757577929523926,19.0,0.19924677699422425,0.0018385977627308299,0.602173583187922,0.004129141303098671,0.1257842406657652,0.001350149637658563,97.0
mimic,mimic_filtered_lr_1e-3_b_128_lf_80_ngram_1_1_dp_20250419_14-18-48,mimic_filtered_lr_1e-3_b_128_lf_80_ngram_1_1_dp_20250419_14-18-48.log,Finished,1e-3,128.0,80.0,Data Programming,"(1, 1)",Filtered,CUDA,24.0,32.0,NVIDIA GeForce RTX 4090,24.0,125.6,2025-04-19T14:18:49Z,21612.0,6h 0m 12s,https://wandb.ai/fb8-university-of-illinois-urbana-champaign/dl4h-reproduce-keyclass/runs/177lvdpy,0.23930043880430446,0.7122733365367593,0.1524690976165395,0.16470538020025255,0.0020513954536089582,0.4403603671952054,0.004676285601240965,0.107910501830946,0.0014832120618431949,19.0,0.18884594744797709,0.001681653853152034,0.562741825354677,0.004601800087831344,0.12035377880997525,0.001170667846162934,97.0
mimic,mimic_unfiltered_lr_1e-3_b_128_lf_80_ngram_1_1_dp_20250424_00-48-10,mimic_unfiltered_lr_1e-3_b_128_lf_80_ngram_1_1_dp_20250424_00-48-10.log,Failed (Out of Memory),1e-3,128.0,80.0,Data Programming,"(1, 1)",Unfiltered,CUDA,,,,,,2025-04-24T00:48:11Z,,,https://wandb.ai/fb8-university-of-illinois-urbana-champaign/dl4h-reproduce-keyclass/runs/uwz48qq7,,,,,,,,,,,,,,,,,
mimic,mimic_filtered_lr_1e-3_b_128_lf_80_ngram_1_2_dp_20250422_11-08-15,mimic_filtered_lr_1e-3_b_128_lf_80_ngram_1_2_dp_20250422_11-08-15.log,Failed (Out of Memory),1e-3,128.0,80.0,Data Programming,"(1, 2)",Filtered,CUDA,,,,,,2025-04-22T11:08:16Z,,,https://wandb.ai/fb8-university-of-illinois-urbana-champaign/dl4h-reproduce-keyclass/runs/z19xh8ou,,,,,,,,,,,,,,,,,
mimic,mimic_unfiltered_lr_1e-3_b_128_lf_80_ngram_1_2_dp_20250423_12-02-49,mimic_unfiltered_lr_1e-3_b_128_lf_80_ngram_1_2_dp_20250423_12-02-49.log,Finished,1e-3,128.0,80.0,Data Programming,"(1, 2)",Unfiltered,CUDA,192.0,192.0,NVIDIA H100 80GB HBM3,79.6,2267.5,2025-04-23T12:02:50Z,25688.0,7h 8m 8s,https://wandb.ai/fb8-university-of-illinois-urbana-champaign/dl4h-reproduce-keyclass/runs/sknh05xm,0.15467401937540157,0.4979894286942667,0.09646298122436812,0.06250245421383133,0.0013773720789162951,0.15637812002124266,0.0032388909210810802,0.041915564868878354,0.0009677604491504539,19.0,0.08890290154761743,0.001217405151136752,0.33571125104316835,0.004124735780758831,0.0528126205408278,0.0007659509258975274,97.0
mimic,mimic_unfiltered_lr_1e-3_b_128_lf_80_ngram_1_2_dp_20250424_00-55-10,mimic_unfiltered_lr_1e-3_b_128_lf_80_ngram_1_2_dp_20250424_00-55-10.log,Failed (Out of Memory),1e-3,128.0,80.0,Data Programming,"(1, 2)",Unfiltered,CUDA,,,,,,2025-04-24T00:55:11Z,,,https://wandb.ai/fb8-university-of-illinois-urbana-champaign/dl4h-reproduce-keyclass/runs/1g7r0rdm,,,,,,,,,,,,,,,,,
mimic,mimic_filtered_lr_1e-3_b_128_lf_80_ngram_1_2_dp_20250422_21-33-31,mimic_filtered_lr_1e-3_b_128_lf_80_ngram_1_2_dp_20250422_21-33-31.log,Finished,1e-3,128.0,80.0,Data Programming,"(1, 2)",Filtered,CUDA,192.0,192.0,NVIDIA H100 80GB HBM3,79.6,2267.5,2025-04-22T21:33:32Z,24019.0,6h 40m 19s,https://wandb.ai/fb8-university-of-illinois-urbana-champaign/dl4h-reproduce-keyclass/runs/g261lqsd,0.1618769169642277,0.5125565868339192,0.10155214401945642,0.1253163386009462,0.0016352251638004367,0.38752143236476727,0.0044606269356751585,0.0790693246673161,0.0011124870477469356,19.0,0.1287337162681866,0.0016841760473314223,0.39360746529094903,0.004632448322752278,0.08168298127977777,0.0011513188179614936,97.0
mimic,mimic_filtered_lr_1e-3_b_128_lf_50_ngram_1_1_dp_20250419_08-18-15,mimic_filtered_lr_1e-3_b_128_lf_50_ngram_1_1_dp_20250419_08-18-15.log,Finished,1e-3,128.0,50.0,Data Programming,"(1, 1)",Filtered,CUDA,24.0,32.0,NVIDIA GeForce RTX 4090,24.0,125.6,2025-04-19T08:18:16Z,21621.0,6h 0m 21s,https://wandb.ai/fb8-university-of-illinois-urbana-champaign/dl4h-reproduce-keyclass/runs/ermrqqv0,0.23719164513105873,0.6940390986570901,0.15189306399885294,0.1390365546525862,0.0016297154776701347,0.3629405963128745,0.0038363044319728056,0.09193500323383302,0.0012063783030954868,19.0,0.1956322517307347,0.001775521793528439,0.5593426143691677,0.004521300013193618,0.1260491056362481,0.0012415336862188224,97.0
mimic,mimic_unfiltered_lr_1e-3_b_128_lf_50_ngram_1_1_dp_20250423_12-39-00,mimic_unfiltered_lr_1e-3_b_128_lf_50_ngram_1_1_dp_20250423_12-39-00.log,Finished,1e-3,128.0,50.0,Data Programming,"(1, 1)",Unfiltered,CUDA,24.0,32.0,NVIDIA GeForce RTX 4090,24.0,125.6,2025-04-23T12:39:01Z,21561.0,5h 59m 21s,https://wandb.ai/fb8-university-of-illinois-urbana-champaign/dl4h-reproduce-keyclass/runs/hwytnnvd,0.10946460384467398,0.31916238840697,0.06971375284581831,0.02011500177046506,0.0006508418923029254,0.06576739245884229,0.002060709281635659,0.012439918018278913,0.00042728382637635123,19.0,0.16342482016382728,0.0018798721831488371,0.453813064259161,0.004496171418587505,0.10526757454353046,0.001338758439010679,97.0
mimic,mimic_filtered_lr_1e-3_b_128_lf_50_ngram_1_2_dp_20250422_05-04-14,mimic_filtered_lr_1e-3_b_128_lf_50_ngram_1_2_dp_20250422_05-04-14.log,Finished,1e-3,128.0,50.0,Data Programming,"(1, 2)",Filtered,CUDA,24.0,32.0,NVIDIA GeForce RTX 4090,24.0,125.6,2025-04-22T05:04:15Z,21573.0,5h 59m 33s,https://wandb.ai/fb8-university-of-illinois-urbana-champaign/dl4h-reproduce-keyclass/runs/t9alzmla,0.12251633985359368,0.3818820970638072,0.07735366161367022,0.007226572519607949,0.0005559730943344551,0.012036264319854335,0.0009022965108145906,0.005272836803335246,0.00041362497531839253,19.0,0.06000025207240137,0.0014132996298210306,0.12774068735300814,0.002847246416812878,0.04153162265454578,0.0010226123992845152,97.0
mimic,mimic_unfiltered_lr_1e-3_b_128_lf_50_ngram_1_2_dp_20250423_18-43-31,mimic_unfiltered_lr_1e-3_b_128_lf_50_ngram_1_2_dp_20250423_18-43-31.log,Finished,1e-3,128.0,50.0,Data Programming,"(1, 2)",Unfiltered,CUDA,24.0,32.0,NVIDIA GeForce RTX 4090,24.0,125.6,2025-04-23T18:43:32Z,21606.0,6h 0m 6s,https://wandb.ai/fb8-university-of-illinois-urbana-champaign/dl4h-reproduce-keyclass/runs/8cqv81kf,0.10710364562546287,0.3454642017146759,0.06693387621822665,0.003383652270648704,0.0003440828853382106,0.007953114331234351,0.0007699678141307815,0.0022418627133178387,0.00023379825316600022,19.0,0.015148881962097953,0.0006598476462479479,0.04205371367878005,0.001709030987547624,0.009657602388844326,0.00044177576528113896,97.0
mimic,mimic_unfiltered_lr_1e-3_b_128_lf_40_ngram_1_1_dp_20250423_00-33-59,mimic_unfiltered_lr_1e-3_b_128_lf_40_ngram_1_1_dp_20250423_00-33-59.log,Finished,1e-3,128.0,40.0,Data Programming,"(1, 1)",Unfiltered,CUDA,24.0,32.0,NVIDIA GeForce RTX 4090,24.0,125.6,2025-04-23T00:34:00Z,21467.0,5h 57m 47s,https://wandb.ai/fb8-university-of-illinois-urbana-champaign/dl4h-reproduce-keyclass/runs/uamkqgy2,0.08631443143952125,0.24222958448193016,0.055637319112888765,0.00023079396389463907,8.494241208147547e-05,0.0005887261967984219,0.00021218840581337795,0.0001480034392939332,5.557162365590697e-05,19.0,0.17612650739709412,0.0018816037305250091,0.5041112206964571,0.00433741317398772,0.11265497707432123,0.0013690337725253121,97.0
mimic,mimic_filtered_lr_1e-3_b_128_lf_40_ngram_1_1_dp_20250419_02-19-17,mimic_filtered_lr_1e-3_b_128_lf_40_ngram_1_1_dp_20250419_02-19-17.log,Finished,1e-3,128.0,40.0,Data Programming,"(1, 1)",Filtered,CUDA,24.0,32.0,NVIDIA GeForce RTX 4090,24.0,125.6,2025-04-19T02:19:18Z,21525.0,5h 58m 45s,https://wandb.ai/fb8-university-of-illinois-urbana-champaign/dl4h-reproduce-keyclass/runs/qji8n29h,0.2157046553358572,0.6323057079992919,0.1380358771357987,0.10249155260037679,0.0015942922235463609,0.26353994385858437,0.0037213575640887317,0.06828974181981354,0.0011658717764113132,19.0,0.20053587758334007,0.0017977798701866569,0.5430157044230328,0.004094381699028866,0.1308423852330138,0.0012988607231539957,97.0
mimic,mimic_unfiltered_lr_1e-3_b_128_lf_40_ngram_1_2_dp_20250423_06-36-53,mimic_unfiltered_lr_1e-3_b_128_lf_40_ngram_1_2_dp_20250423_06-36-53.log,Finished,1e-3,128.0,40.0,Data Programming,"(1, 2)",Unfiltered,CUDA,24.0,32.0,NVIDIA GeForce RTX 4090,24.0,125.6,2025-04-23T06:36:54Z,21424.0,5h 57m 4s,https://wandb.ai/fb8-university-of-illinois-urbana-champaign/dl4h-reproduce-keyclass/runs/5s2qo2ag,0.0988786331965861,0.3200728357906983,0.061792682103561945,0.0,0.0,0.0,0.0,0.0,0.0,19.0,0.014754339086635582,0.0006528007063844406,0.0425825051210075,0.0017210919934778043,0.009322453429785958,0.00043025084589137026,97.0
mimic,mimic_filtered_lr_1e-3_b_128_lf_40_ngram_1_2_dp_20250421_23-02-13,mimic_filtered_lr_1e-3_b_128_lf_40_ngram_1_2_dp_20250421_23-02-13.log,Finished,1e-3,128.0,40.0,Data Programming,"(1, 2)",Filtered,CUDA,24.0,32.0,NVIDIA GeForce RTX 4090,24.0,125.6,2025-04-21T23:02:14Z,21464.0,5h 57m 44s,https://wandb.ai/fb8-university-of-illinois-urbana-champaign/dl4h-reproduce-keyclass/runs/bcannxgx,0.10772424381102344,0.3331731620343441,0.06811145946410609,0.03850474408209025,0.00127406864978274,0.06645474546696001,0.0021507347083830784,0.02788679141332582,0.0009460821504232146,19.0,0.06451446816677073,0.0014099651095780363,0.1347720203322965,0.0028233911872667405,0.04462386928795017,0.001020761481922405,97.0
mimic,mimic_unfiltered_lr_1e-3_b_128_lf_30_ngram_1_1_dp_20250422_12-33-30,mimic_unfiltered_lr_1e-3_b_128_lf_30_ngram_1_1_dp_20250422_12-33-30.log,Finished,1e-3,128.0,30.0,Data Programming,"(1, 1)",Unfiltered,CUDA,24.0,32.0,NVIDIA GeForce RTX 4090,24.0,125.6,2025-04-22T12:33:31Z,21333.0,5h 55m 33s,https://wandb.ai/fb8-university-of-illinois-urbana-champaign/dl4h-reproduce-keyclass/runs/5g846am6,0.10962676251192861,0.3369161123896715,0.0691129456208741,0.004608328722925491,0.0003851081199739056,0.01101661482436841,0.0008523655291717809,0.0031400026416527438,0.0002928684093210003,19.0,0.16155847195483786,0.001998109173302446,0.4530513618086639,0.004712029999577812,0.10370487006523728,0.0014150172258247057,97.0
mimic,mimic_filtered_lr_1e-3_b_128_lf_30_ngram_1_1_dp_20250418_20-22-57,mimic_filtered_lr_1e-3_b_128_lf_30_ngram_1_1_dp_20250418_20-22-57.log,Finished,1e-3,128.0,30.0,Data Programming,"(1, 1)",Filtered,CUDA,24.0,32.0,NVIDIA GeForce RTX 4090,24.0,125.6,2025-04-18T20:22:58Z,21367.0,5h 56m 7s,https://wandb.ai/fb8-university-of-illinois-urbana-champaign/dl4h-reproduce-keyclass/runs/9lauciqm,0.15632539727232206,0.4582585164765686,0.10027720888852373,0.06204439517334302,0.001532360297291058,0.14332675821257876,0.0032118932263399836,0.0424197030672924,0.0011153982638645334,19.0,0.1895559060611297,0.002034355316478512,0.5156065548896136,0.004790376329375408,0.12354987934011721,0.0014688460767256731,97.0
mimic,mimic_filtered_lr_1e-3_b_128_lf_30_ngram_1_2_dp_20250421_17-01-55,mimic_filtered_lr_1e-3_b_128_lf_30_ngram_1_2_dp_20250421_17-01-55.log,Finished,1e-3,128.0,30.0,Data Programming,"(1, 2)",Filtered,CUDA,24.0,32.0,NVIDIA GeForce RTX 4090,24.0,125.6,2025-04-21T17:01:56Z,21291.0,5h 54m 51s,https://wandb.ai/fb8-university-of-illinois-urbana-champaign/dl4h-reproduce-keyclass/runs/6dgmvt2k,0.09913475058280077,0.30945094964720166,0.06249089784913359,0.0,0.0,0.0,0.0,0.0,0.0,19.0,0.062363800518492864,0.0014571350668912818,0.12979212502845003,0.002867489125614628,0.04323590722177704,0.0010562591139756067,97.0
mimic,mimic_unfiltered_lr_1e-3_b_128_lf_30_ngram_1_2_dp_20250422_18-34-03,mimic_unfiltered_lr_1e-3_b_128_lf_30_ngram_1_2_dp_20250422_18-34-03.log,Finished,1e-3,128.0,30.0,Data Programming,"(1, 2)",Unfiltered,CUDA,24.0,32.0,NVIDIA GeForce RTX 4090,24.0,125.6,2025-04-22T18:34:04Z,21297.0,5h 54m 57s,https://wandb.ai/fb8-university-of-illinois-urbana-champaign/dl4h-reproduce-keyclass/runs/omzx7rdh,0.0893808083128327,0.2902809741787006,0.05585247078159498,0.0,0.0,0.0,0.0,0.0,0.0,19.0,0.0,0.0,0.0,0.0,0.0,0.0,97.0
mimic,mimic_filtered_lr_1e-3_b_64_lf_40_ngram_1_1_dp_20250421_08-18-29,mimic_filtered_lr_1e-3_b_64_lf_40_ngram_1_1_dp_20250421_08-18-29.log,Finished,1e-3,64.0,40.0,Data Programming,"(1, 1)",Filtered,CUDA,24.0,32.0,NVIDIA GeForce RTX 4090,24.0,125.6,2025-04-21T08:18:30Z,21448.0,5h 57m 28s,https://wandb.ai/fb8-university-of-illinois-urbana-champaign/dl4h-reproduce-keyclass/runs/ozh78hqi,0.2157046553358572,0.6323057079992919,0.1380358771357987,0.11454023891983167,0.0016394015370940287,0.2996843942037782,0.0038465282410823486,0.07592857665499159,0.0011953965413171177,19.0,0.15696045386266944,0.0016888484439572837,0.45249146498748205,0.004064619465757499,0.10099125694438077,0.0011878646160931518,97.0
mimic,mimic_filtered_lr_1e-3_b_64_lf_30_ngram_1_1_dp_20250421_02-22-12,mimic_filtered_lr_1e-3_b_64_lf_30_ngram_1_1_dp_20250421_02-22-12.log,Finished,1e-3,64.0,30.0,Data Programming,"(1, 1)",Filtered,CUDA,24.0,32.0,NVIDIA GeForce RTX 4090,24.0,125.6,2025-04-21T02:22:13Z,21364.0,5h 56m 4s,https://wandb.ai/fb8-university-of-illinois-urbana-champaign/dl4h-reproduce-keyclass/runs/rk03w9ab,0.15632539727232206,0.4582585164765686,0.10027720888852373,0.07236529945430342,0.0015208369365887601,0.17246263561186562,0.0035235337359202238,0.04914203230007229,0.0010914256410577592,19.0,0.17438683620332232,0.001922321194159698,0.48453835065624795,0.004626075933090344,0.11306559196752464,0.001374664313321086,97.0
mimic,mimic_filtered_lr_1e-3_b_128_lf_30_ngram_1_1_dp_20250422_12-29-40,mimic_filtered_lr_1e-3_b_128_lf_30_ngram_1_1_dp_20250422_12-29-40.log,Interrupted by User,,,,,,Filtered,,,,,,,,,,,,,,,,,,,,,,,,,,,
mimic,mimic_filtered_lr_1e-3_b_128_lf_30_ngram_1_2_dp_20250421_17-00-30,mimic_filtered_lr_1e-3_b_128_lf_30_ngram_1_2_dp_20250421_17-00-30.log,Interrupted by User,,,,,,Filtered,,,,,,,,,,,,,,,,,,,,,,,,,,,
